title,user,content,category,image,time,difficulty,recipe,ingredient,quantity,equip,detail
청포묵김무침 다이어트식 반찬,1,"급식에 자주 등장했던 청포묵!! 탱탱한 식감이 너무 맛있고 생각나는 반찬이여서 종종 반찬으로 먹는거 같아요. 오늘의 요리 "" 청포묵무침"" 만들어보아요.",밑반찬,https://recipe1.ezmember.co.kr/cache/recipe/2023/06/01/ab57242f104f802b66bd72bb9794224c1.jpg,15,1,"청포묵,320g","조미김,10장","간장,3스푼","참기름,2스푼","깨,1스푼",끝,청포묵은 그냥 먹으면 식감이 딱딱해요. 끓는물에 5분 데친 후 먹는게 말랑한 식감으로 먹을 수 있어요. 반으로 자른 후 데쳐요.,데친 청포묵을 먹기 좋은 크기로 잘라요. 청포묵이 투명해졌다면 잘 데쳐진거예요.,양념을 준비해요. 간장 3스푼을 준비해요.,참기름 2스푼을 준비해요.,조미김 10장을 잘게 잘라 준비해요.,깨 1스푼을 넣고 조물조물 무쳐 완성해요.,조미김이 들어가서 더 감칠맛 나는 오늘의 요리 청포묵김무침!! 100g당 37kcal 열량이 낮아서 다이어트 반찬으로 좋아요.,끝
버섯으로 관자 느낌 내는 방법! 새송이버섯간장버터구이 만들기,1,지금까지 이런 버섯은 없었다. 이것은 관자인가 버섯인가,밑반찬,https://recipe1.ezmember.co.kr/cache/recipe/2019/05/25/39ac1e73e998e88da300d38663242f0a1.jpg,15,1,"새송이버섯,2개","버터,30g","어린잎채소,","간장,1T","맛술,1T","올리고당,1/2T",끝,"버섯의 밑동과 갓을 잘라낸 뒤, 3~4등분 한다",자른버섯의 양면에 칼집을 낸다,팬에 버터를 녹인다,버섯을 굽는다,불을 약불로 줄이고 소스를 넣고 졸인다,끝
아삭아삭한 고추된장박이 ,1,아삭아삭 밥도둑 고추된장박이 만드는법,밑반찬,https://recipe1.ezmember.co.kr/cache/recipe/2015/04/22/a673e92121f268ea47ea5212bcbde4891.jpg,15,1,"풋고추,10개","된장,2T","다진 마늘,1/3T","송송썰은 대파,1T","참기름,1/2T","통깨,1/2T","매실원액,1T","설탕,1/3T",끝,"풋고추는 깨끗이 씻은후 한입크기로 적당히 썰고, 파는 송송썰어서 1스푼가량 준비합니다.","분량의 양념을 넣고, 잘 섞어준후...",썰어논 고추/파와 함께.. 잘 버무려 주면 완성이랍니다. ^^,끝
전참시 이영자 상추무침 상추겉절이 만드는 법 ,1,전지적 참견 시점 방송에서 상추 오마카세 2편으로 한옥 펜션(?)에 가서 멜로망스 김민석 님에게 이영자 님이 상추 요리를 해주는 장면이 방송되었는데요. 상추무침 양념에 꽃게액젓 밖에 공개가 안됐지만 나머지 양념은 제가 넣는 방식으로 더해 만들어 봤어요.,밑반찬,https://recipe1.ezmember.co.kr/cache/recipe/2023/06/09/c0f3cb4271388d4f04aa2beccdd219901.jpg,15,2,"상추,1봉지","홍고추,1개","청양고추,1개","대파,1/2개","꽃게 액젓,2스푼","올리고당,2스푼","고춧가루,2스푼","참기름,1스푼","통깨,1스푼",끝,상추를 깨끗하게 씻어 물기를 빼줍니다.,"청홍고추는 어슷썰기, 파채 또는 양파는 채 썰어 줍니다.",볼에 상추를 넣고 툭툭 뜯어주고 고추와 양파도 넣어 줍니다.,"꽃게 액젓 2T, 올리고당 2T, 고춧가루 2T, 참기름 1T를 넣고 버무려 줍니다.",접시에 담고 통깨 1T를 뿌려주면 완성입니다.,끝
달콤 짭조름♡ 떡 베이컨 간장조림♡,1,간단하니 맛있는 반찬! 아주 쉬워요 : ),밑반찬,https://recipe1.ezmember.co.kr/cache/recipe/2016/02/16/d74c6731fce3dc72c5579b24083185f11.jpg,5,1,"베이컨,","대파,","떡,","간장,","참기름,","물엿,","기름,",끝,"대파에 떡국떡 (가래떡, 떡볶이떡) 베이컨",기름두르고 볶듯구워요.(튀기듯하면 더 맛있습니다),"간장.물엿.참기름을 넣어 볶아요. 간장 한스푼, 물엿 넉넉히, 참기름한스푼(이런 느낌 비율로. )",볶아주며 졸입니다.,국물없게끔 졸여야 맛있어용: ),깨도 뿌리고 한번 볶아준 후 끝.,완성^^,끝
술안주 요리 추천 비주얼 좋은 스팸계란전,1,간단하게 만드는 술안주,밑반찬,https://recipe1.ezmember.co.kr/cache/recipe/2023/06/09/6fbc33bf67656d97ee45e33d14809b7f1.jpg,10,1,"리챔 작은것,1개","계란,3개","쪽파 또는 대파 다진것,2숟가락",끝,쪽파or대파 다진거에 계란 넣어주세요,계란을 잘 풀어주세요,햄은 모양 그대로 잘라주세요,팬에 기름 살짝 둘러주시고 햄을 사진과 같은 모양으로 세팅해주세요,햄 사이사이 계란물 부워주세요,이렇게 부워주세요,뚜껑덮고 약불에서 천천히 익혀주세요,한쪽면이 다 익었을 때 뒤집어서 마저구워주세요,끝
【간단반찬】꽈리고추 햄볶음 만들기~,1,단짠 밥도둑 꽈리고추 햄볶음 이에요~:-) 완전 쉬워서 아무나 하실수 있는 초간단 방법이에용~^~^,밑반찬,https://recipe1.ezmember.co.kr/cache/recipe/2018/03/22/779982ef4e8f9c32c472297e632789a91.jpg,10,1,"꽈리고추,20개","햄,140g","양파,1/2개","진간장,2T","굴소스,1/2T","마늘,3쪽","올리고당,2T","식용유,1T","참기름,1T",끝,꽈리고추(20개)는 먹기좋게 3등분해서 썰어 주시구요~,햄(140g)도 썰어 주세요~,양파1/2개 마늘3쪽도(다진마늘1T)도 준비해 주시구요~,식용유1T+참기름1T두른후 양파먼저 슥슥 볶아 주시다가~,햄넣고 볶아 주세요~(약불에서 볶아 주세요^^),양파가 살짝 투명해지면 다진마늘 넣어서 볶아 주시다가~,꽈리고추 넣고 볶다가~,"진간장2T,굴소스1/2T,물엿이나 올리고당2T넣고 볶아 주심 끝이에용^^(굴소스 없으시면 간장 더넣어 주심 되셔요~)",꽈리고추는 너무 익히시면 냉장고 들어갔다 나왔을때 숨이 죽어 맛없는 비주얼이 되요~살짝 덜익었다 싶으실때까지 볶아 주시면 아삭하면서 맛있어용^~^ 간단방법 이지만 완전 맛있고 밥반찬으로 딱 좋아용^^,끝
자취라이프 평범한 단무지도 양념에 무쳐서 맛있게 먹자,1,중국집에서 배달을 시켜 먹었는데 오랜만에 먹으니 단무지도 맛있더라구요~ 그래서 단무지 1팩 구매해서 새콤달콤하게 무쳐 먹었어요,밑반찬,https://recipe1.ezmember.co.kr/cache/recipe/2015/12/14/39c560f4656689bddf0d442da8461ded1.jpg,10,2,"단무지,260g","대파 손가락 길이,1줄","통깨,1숟가락","고추가루,1숟가락","참기름 또는 들기름,1숟가락","올리고당,1숟가락",끝,"재료를 준비합니다.단무지 1팩, 대파를 짧게 어슷 썰어줍니다.",그릇에 통깨를 1숟가락 넣어줍니다.,꿀 뜨는 도구로 깨를 빻아줍니다.(통깨는 몸에 흡수가 많이 되지 않아 빻아서 드시는게 몸에 더 흡수가 되어서 으깨 먹습니다.,볼에 깨를 으깨서 넣고 고추가루1숟가락을 넣습니다.,참기름 또는 들기름 1숟가락을 넣어줍니다.저는 고소한 참기름을 좋아해요~ 들기름이 몸에는 더 좋다고 합니다.,올리고당을 1숟가락 조금 안되게 넣어 줍니다.,잘라 놓은 대파를 넣어 줍니다.,단무지는 입맛에 맞게 잘라줍니다.저는 반달 모양을 반으로 잘라줬어요.동그란거의 1/4 모양이라고 생각 하심 됩니다.,양념장에 물기를 짜서 넣어줍니다.,양념과 대파가 어우러지게 무쳐줍니다.,끝
초간단 5분반찬!아삭아삭 '고추쌈장무침',1,고추는 그냥 쌈장에 찍어 먹어도 맛있지만 양념을 가미해 무쳐 드셔도 맛있답니다.오늘은 초간단 5분 반찬!아삭아삭한 식감이 참 좋은 '고추쌈장무침'레시피를 소개할께요.,밑반찬,https://recipe1.ezmember.co.kr/cache/recipe/2019/02/21/003c9a280159b3ddc1f473b7077501ec1.jpg,5,1,"오이고추,6-7개","쌈장,1T","고춧가루,1/2T","올리고당,1T","참기름,1T","다진마늘,1/2T","깨,1T",끝,먼저 오이고추를 깨끗이 씻어 물기를 제거합니다. 매콤한것 좋아하시면 청양고추도 몇개 섞어주셔도 되요,깨끗이 씻은 고추는 먹기 좋은 사이즈로 썰어줍니다.,"쌈장 1스푼에 고춧가루1/2,깨1,올리고당1,참기름1,다진마늘1/2를 넣고 잘 섞어줘요.T:성인숟가락 기준모든 양념은 깍아서 ",썰어놓은 고추에 양념을 넣고 조물조물 잘 섞어주시면 끝입니다^0^양념은 한번에 다 넣지 마시고 조금씩 넣어가며 기호에 맞게 간을 맞쳐 주세요,초간단 5분반찬!아삭아삭 '고추쌈장무침'완성입니다.,한개 먹어보니 아삭아삭 씹히는 고추의 식감에 양념이 어우려져 참 맛있어요. 만들기 쉽고 입맛 돋구는 반찬으로 추천해요^^,끝
배추 된장 들깨무침,1,짜지않고 담백한 배추 된장 들깨무침~,밑반찬,https://recipe1.ezmember.co.kr/cache/recipe/2015/07/24/2c6c4f254ed62c12403dc3b4acd1d6551.jpg,15,2,"배추,10장","된장,1ts","들깨,1Ts","참기름,1ts",끝,배추는 한잎한잎 떼어서 깨끗히 씻어서 준비하고 반을 잘라서 준비해주세요.,끓는물에 배추 줄기부분부터 넣어서 데쳐준후 아랫잎쪽도 넣어서 데쳐주세요.,찬물에 재빨리 넣어 헹궈준후 슬쩍~짜서 물기 제거해주세요.,배추는 겹쳐서 준비한후 한입크기로 썰어서 준비,볼에 된장 1ts+참기름 1ts+들깨 1Ts를 넣고 잘섞어준후~ 어른들이 먹을꺼면 여기에 다진마늘 1/2ts을 넣으면 더 맛나지요.,"된장에 배추를 넣고~ 조물조물 버무려주면 완성, 아이들이 먹을꺼라 간을 쎄게 하지 않았는데~ 어른들이 먹을꺼면 양념을 2배로 한후 무쳐주면 되지용~",끝
휴게소 버터감자 집에서 만들기,1,맛있는 휴게소 버터감자 구이 이제 집에서 만들어 보세요. 어렵지 않아요. 쉬운 레시피 소개해 드립니다.,간식,https://recipe1.ezmember.co.kr/cache/recipe/2023/06/02/8f3269bed660ed37557523d7ef82cab51.jpg,20,2,"알감자,30알","버터,40g","물,200ml","맛소금,1t","설탕,2t",끝,알감자 30알을 껍질을 까주세요. 큰감자를 깍아서 잘라서 만들어도 됩니다.,다 깍은 감자를 프라이팬에 넣고 물200ml를 부은후 맛소금 1t를 넣어주세요. 뚜껑을 덮은 뒤 7분정도 중불에서 삶아주세요. 감자가 조금 크다 싶으면 조금 더 삶아야 할수도 있어요. 저는 젤작은 크기는 조금 뒤에 넣어 주어서 이 사진에는 갯수가 조금 모자라요.중불,물이 다 없어지고 프라이팬 바닥이 노릇하게 눌러붙기 시작하면 약불로 줄이고 버터 40g을 넣어서 잘 녹여주세요.약불물이 다 없어질때까지 삶는거라 타이밍 조금만 늦어도 많이 탈수 있으니 잘봐가며 삶아주세요.,버터가 잘 녹았으면 설탕 2큰술을 넣어 10분정도 더 익혀줄건데 이땐 약불입니다. 설탕이 들어가서 잘 탈수 있으니 중간중간 뒤집고 눌러붙은 부분은 긁어가며 익혀주세요.약불,10분후 노릇하게 잘 구워진 휴게소 버터감자구이 완성입니다. 휴게소 분위기를 내고 싶으면 종이그릇에 담아주고 위에 설탕을 솔솔 뿌려주면 완성입니다.,끝
특제소스로 만든 가지탕수 아이도 잘 먹어요!,1,가지를 잘 먹지 않는 아이를 위해 튀겨서 새콤달콤한 소스에 버무려보았어요. 특별한 날 또는 손님상에 내놓아도 전혀 손색없을 가지탕수. 고기가 아니면 어때요?맛있으면 되지요! 흔한 듯 흔하지 않은 가지탕수 만들기 지금 바로 시작해 보겠습니다.^_^,간식,https://recipe1.ezmember.co.kr/cache/recipe/2017/08/17/e0fa9b1d251b507741a67cc91a9d2ac71.jpg,30,3,"가지,2개","양파,1/2개","노란 파프리카,1/3개","빨간 파프리카,1/3개","케첩,4스푼(어른밥수저계량)","굴소스,2스푼","설탕,1스푼","올리고당,1+1/2스푼","식초,1스푼","참기름,1/2스푼","통깨,약간","튀김가루,75g(종이컵 한컵)","물,1/2컵",끝,[야채 손질]가지는 꼭지 부분의 껍질을 벗겨주시면 끝부분까지 알차게 사용할 수가 있어요.가지2개,"가지의 크기는 취향대로 지만 오늘은 튀김을 만들 것이기 때문에 채썰기가 아닌 뭉뚝하게 썰어주세요.가지2개도마 ,  칼조금 두꺼워야 씹는 맛이 좋답니다.","파프리카와 양파도 비슷한 크기로 썰어주세요. 양파는 짜장면 드실 때 나오는 크기 정도로 썰어 주시면 적당하실 거예요.가지2개,노란파프리카1/3, 빨간파프리카1/3,양파1/2","[특제소스 만들기]이번에는 새콤달콤한 특제소스를 만들 거예요.케첩 4스푼, 굴 소스 2스푼, 설탕 1스푼올리고당 1스푼 반, 식초 1스푼,참기름 반 스푼, 통깨 약간을 작은 볼에 넣고 골고루 섞어 주세요.케첩 4스푼, 굴 소스 2스푼, 설탕 1스푼올리고당 1스푼 반, 식초 1스푼,참기름 반 스푼, 통깨 약간볼",적당히 새콤하고 달달한 소스인데요.일반 탕수 소스보다 더 맛있을 거라 믿어요. 만약 어른용으로 매콤하게 드시고 싶으시다면 청양고추를 잘게 썰어서 넣어주시고요!,"[튀김 반죽 만들기]이번에는 튀김옷을 만들 차례에요.튀김가루 종이컵 한 컵(75g), 물 종이컵 반컵 큰 볼에 넣고 덩어리가 생기지 않게만 가볍게 저어 주시며 섞어주세요.너무 많이 저으면 바삭함이 덜해져요 물 넣으실 때 얼음을 사용하시면더 바삭한 튀김이 되는 거 아시죠?없다면 찬물이라도 넣어주시고요!튀김가루 종이컵 한 컵(75g), 물 종이컵 반컵볼너무 많이 저으면 바삭함이 덜해져요. 물 넣으실 때 얼음을 사용하시면더 바삭한 튀김이 된답니다. 없다면 찬물이라도 넣어주시고요!","튀김 반죽 농도는 너무 뻑뻑하지 않게튀김가루와 물의 농도를 잘 맞춰야 하는데요. 2:1 비율이 적당한 것 같아요.오늘은 튀김가루만 사용했지만 전분과 밀가루, 달걀, 빵가루 등을 혼합하면 더 다양하고 맛있는 튀김이 된답니다.전분과 밀가루, 달걀, 빵가루 등을 혼합하면 더 다양하고 맛있는 튀김이 된답니다.",[튀김반죽 옷 입히기]손질해놓은 가지는 물기를 제거한 후위생 봉지 안에 튀김가루 5스푼과썰어 놓은 가지를 넣고 쉐킷! 흔들어 주세요.,"움푹 팬 프라이팬에 식용유를 채우고중불로 예열을 시작해주세요.튀김가루로 골고루 묻혀놓은 가지는가볍게 털어주신 후 튀김옷에 퐁당!튀김 반죽은 얇게 입혀 주세요.준비된 가지, 식용유움푹패인 프라이팬중불튀김 반죽은 얇게 입혀주세요!",[노릇노릇 튀겨주기]튀김옷을 살짝 기름에 던져 넣고 3초 후 떠오르면 튀기기 적당한 온도에요.서로 붙지 않게 하나씩 넣어 주시고중. 약불에서 3분 정도 노릇하게 튀겨 주세요.,3분 정도 튀기니 아주 노릇해졌지요.한 번에 많이 튀기면 기름 온도가 내려가서 바삭하지 않고 약간 눅눅해질 수가 있는데요.번거로우시더라도 한번 튀기고 예열을 다시 하고서 튀기시면 더욱 바삭한 느낌으로 드실 수 있겠지요.한번에 많이 튀기면 기름 온도가 내려가서 바삭함이 떨어져요. 한번 튀기고 예열을 다시하고 튀겨주신다면 더욱 바삭한 식감을 느낄수 있답니다!,튀겨진 가지는 채반과 키친타월로기름을 제거해주시면 된답니다.이제 미리 만들어놓은 특제소스에튀긴 가지를 범벅해 볼까요!,[가지탕수 버무리기]움푹 팬 프라이팬에 식용유 3스푼을 넣고 중불로 예열해주세요.그리고 소스를 부어주시면 금방 부글 부글 끓어오른답니다.,소스가 끓어오르는 지금이 바로 가지 튀김을 넣어야 할 타이밍이에요!소스가 튀김 전체에 묻도록 가볍게 버무려주시면 됩니다.,가지 튀김을 소스와 가볍게 버무려주셨다면 야채를 넣어야 할 타이밍!파프리카와 양파를 모두 넣어주세요.,중불에서 1분 정도 가볍게 버무려주시면 냄새부터가 새콤달콤한 가지 탕수 완성입니다.무조건 맛있는 가지 요리!고기 탕수를 능가하게 맛이 좋아요^-^,"푸릇푸릇 한 어린잎 채소를 깔아주고빨간색 새콤달콤 소스에 버무려진 가지탕수를 먹음직스럽게 올려 주었답니다.아삭아삭 식감의 파프리카와 양파! 그리고 신선한 어린잎 채소.고기 탕수보다 더 맛있게 먹었답니다.""누구나 좋아할 맛이랄까요?^-^""재료 보시면 맛이 상상 되실거예요.",끝
집에서 만드는 유아 간식 '팝콘',1,Non-GMO 팝콘용 옥수수에 메이플 시럽으로 약간의 달콤함을 넣어서 보다 건강한 유아용 간식을 만들어봤습니다 :),간식,https://recipe1.ezmember.co.kr/cache/recipe/2023/06/09/ddd538479d6b938249ff5b36309455a91.jpg,15,1,"팝콘용 옥수수,50g","버터,1~2개","메이플시럽,2T",끝,"내구성이 엄청 좋은 느낌은 아니지만 가성비 좋고, 무엇보다 팝콘이 생각보다 잘 만들어지는 팝콘메이커를 준비했다. 후라이팬을 사용해도 좋다.",팝콘은 먹고 싶은만큼 준비하면 되는데 한 번 돌릴 때 같이 들어있는 스푼으로 한 스푼 정도 가득 담으면 아이들 둘이서 충분히 먹을 만큼 많이 만들어진다.,메이커 안에 넣고 오른쪽 밑에 있는 전원 버튼을 켜 준다. 시작 전에 30초 정도 예열했다가 사용하면 팝콘이 더 빨리 나온다.,"팝콘은 대부분 잘 튀겨지는데, 튀겨지지 않고 튀어나오거나 남는 옥수수 알갱이는 분리해 다시 한 번 메이커에 튀기거나 따로 빼준다.",후라이팬에 무염버터와 메이플시럽을 녹여서 한 김 식히고 팝콘을 넣어서 뒤적거리며 코팅시켜준다. 사실 시럽을 사용하면 살짝 눅눅한 느낌이 드는 부분도 있는데 버터를 시럽과 비슷한 양으로 사용하면 그 눅눅함이 좀 덜해지는 듯하다.,그릇이나 높이가 좀 있는 팝콘용 통에 담아내면 완성된다.,끝
오븐없이 만드는 갈릭버터치즈피자,1,이도 저도 재료도 없다~~~!!! 하시는 분들에게 꿀 레시피~^^ 완전 간단한데 맛은 기가 막힌 ㅋㅋㅋ 꿀치즈 피자를 소개해드려요^^ 전자레인지 돌리는 것까지 10분이 안 걸리는 초간단 레시피예요^^ 아이 간식으로 물론 어른들 간식으로도 만점~!!!! 꿀에 찍어 먹으면 너무 맛있어요^^ 마늘향이 버터와 어우러져 풍미가 굿굿굿~^^,간식,https://recipe1.ezmember.co.kr/cache/recipe/2016/07/26/bb452348200ecc2b5a451191632907e71.jpg,10,1,"또띠아,2장","버터,1수저","다진마늘,1수저","꿀,1수저","피자치즈,적당량",끝,다진마늘 한큰술에,버터 한 큰 술을 넣어 전자레인지에 10초 돌려주세요~^^전자레인지,녹은 버터와 마늘을 잘 섞어 준비,녹은 버터와 마늘을 잘 섞어 준비,토르티야에 마늘 버터를 잘 발라주고~,한장더 발라주면 끝,치즈를 가장자리는 비우고 골고루 뿌려주면 완성~!준비하는데 5분도 안 걸린다지요^^,전자레인지에 3~4분 돌려주면 끝!집집마다 전자레인지의 효력은 조금씩 다를 테니 조절하셔요^^,잘구워진 버터갈릭치즈피자완성,가위로 먹기 좋게 잘라~ 꿀과 함께 내어내면 끝~!,끝
[누텔라 쿠키] 초콜릿 마가렛트 레시피,1,누텔라가 들어간 마가렛트 베이킹!이라니 얼마나 맛있겠어요ㅎㅎ 마트에도 마가렛트가 있지만 요 누텔라쿠키. 초콜릿 마가렛트는 집에서 만들어야만! 맛볼 수가 있어요♡ 마미오븐님의 레시피를 참고해서 만들었으며 달콤하고 고급스러운 향의 누텔라 마가렛트를! 예꿈이댁 가족들은 무척 좋아합니다 :) (이래서 베이킹을 관둘 수가 없다요 ><♡♡) 요건 먹고 싶은 만큼 먹으면 큰일 나는 맛이에유! 너무 맛있어서 자꾸자꾸만 먹게되니깐요ㅋㅋ 주말에 아이들과 함께 맛있는 누텔라마가렛트 만들어보시는 것 어떠셔요?,간식,https://recipe1.ezmember.co.kr/cache/recipe/2023/06/09/c7ea17d9466df625bdd03f21955ef1641.jpg,90,3,"누텔라,160g","버터,120g","설탕,60g","소금,2꼬집","계란,1개","바닐라 익스트랙,1g","박력분,100g","아몬드가루,160g","베이킹파우더,1g","계란,1개","우유,1T",끝,오븐,누텔라 160g은 짤주머니를 이용해 일정한 크기로 짠 후 냉동실에 2시간 얼려둡니다. 만두 속 넣듯이ㅎㅎ 누텔라 얼린 것을 마가렛트 반죽 속에 쏙 넣을 거예요! 너무 크지 않게.. 작고 동그란 모양으로 짜주세용 :) 동그랗게 짠 누텔라는 랩으로 싸서 2시간 동안 얼려주었습니다,"마가렛트 쿠키 부분이 될 반죽을 만들어 봅니다 포마드 상태의 버터 120g을 말랑말랑하게 풀어주고 설탕 60g, 소금 2꼬집을 넣고 부드럽게 섞어주세요",달걀 1개 분량의 달걀물을 넣고 바닐라 익스트랙 1g도 추가해 줍니다 (바닐라 익스트랙은 없으면 생략 가능),"계란물이 버터와 잘 섞였으면 이때 박력분 100g, 아몬드가루 160g, 베이킹파우더 1g 도 같이 넣고 섞어주세요",반죽은 비닐에 담아서 30분 정도 냉장고에 넣어둡니다,냉장고에서 꺼내 온 마가렛트 반죽이에요 16~20개 분량으로 분할해 주시구요,이제 2시간가량 얼려두었던 누텔라가 출동합니당ㅋㅋ 누텔라를 반죽 속에 넣을 건데요 누텔라는 사용하기 직전에 냉동실에서 꺼내주셔야 합니다 왜냐하면 손의 미세한 온기에 의해서도 누텔라가 금방 녹을 수 있기 때문이에요,반죽을 펴서 홈을 만들고 그 안에 누텔라 초콜릿을 넣은 후 오므려주기! 이런 모양으로 누텔라 마가렛트 쿠키 반죽을 만들어주세요 :)누텔라가 녹는다 싶으면 냉동실에 잠시 보관했다가 사용하세요!,마가렛트의 시그니쳐ㅋㅋ 포크로 격자무늬를 만들어주세요 :),격자무늬를 만들어 놓고 계란물칠을 해 줍니다 :),170~180도 오븐에 13~15분가량 구워주시면 누텔라 마가렛트가 완성됩니다 :) 저는 LG광파오븐 기준으로 175도 13분 구워주었어요,끝
에어프라이어로 웨지감자 만들기..,1,아이들 간식...맥주안주로 맛있게 먹을수 있는 웨지감자 만드는 레시피 입니다.,간식,https://recipe1.ezmember.co.kr/cache/recipe/2023/06/08/7f91a58a5e0f749f6e73a2b83912d7ed1.jpg,30,1,"감자 5개..,530g","버터,10g","소금,1꼬집","파마산치즈가루,1T","파프리카가루,1T",끝,전자레인지,감자 5개와 버터 10g을 준비해요.,감자는 껍질을 벗기고,길쭉길쭉하게 썰어요.,일회용 비닐봉지에 감자를 담아요.,버터를 전자레인지에 1~2분 돌려 녹여요.,"소금 1꼬집, 파마산치즈가루 1T, 파프리카가루 1T, 녹인버터 10g을 넣고",흔들어 양념을 입혀요.,에어프라이어 트레이에 양념된 감자를 올려요.,200도에서,20분간 구워요.,다 구워진 감자를,그릇에 담아요.,끝
누텔라 쿠키 만들기,1,누텔라로 정말 맛있는 초간단 쿠키 만들어 보아요.,간식,https://recipe1.ezmember.co.kr/cache/recipe/2023/06/07/3601b8f5aefc3ac23b7b05133c2a77a91.jpg,15,1,"누텔라,150g","박력분,100g","달걀,1개",끝,오븐,"볼에 누텔라, 계란을 풀어 섞어주세요.누텔라 150g, 계란 1개누텔라는 실온에 1시간 정도 두어 말랑한 상태에서 사용하세요.",밀가루를 체 쳐 넣어주세요.박력분 100g,반죽을 뭉쳐줍니다.,균일한 모양을 위해 저는 5g씩 나누었지만 그냥 동글동글 새알처럼 빚어내셔도 돼요.,새알심 윗부분에 칼집을 내 주세요.,밀폐용기에 담아 1시간 냉장실에서 휴지시켜줍니다.,170도로 15분간 예열 한 오븐에 10분 구워주세요.,식힘망에 식혀줍니다.,끝
딸기잼 롤,1,달달한 우리아이간식 딸기잼롤 만들기~ 한입에 쏙쏙 베어먹을수있어 아이들 간식으로 좋은거같아요.,간식,https://recipe1.ezmember.co.kr/cache/recipe/2015/08/02/2a63ade5aad6e00b0d46a341ccfe19bf1.jpg,30,1,"식빵,2개","딸기잼,2큰술","달걀,1개","슈가파우더,약간","버터,0.5큰술",끝,오븐,식빵은 밀대로 밀어 아주 납작하게 만들어줍니다.,납작하게 밀은 식빵위에 딸기잼을 각각 한큰술씩 발라주세요.,도르르 말아주고 끝부분이 접착이 되도록 아랫부분으로 놓아둡니다.,계란 1개를 풀어준뒤 계란물에 퐁당퐁당 해주세요.,팬에 버터를 두르고 데굴데굴 굴려가며 익혀줍니다.,"먹기좋게 한입크기로 썰어준뒤, 슈가파우더를 솔솔 뿌려냅니다.",끝
쫀득쫀득 일본식 감자떡 '이모모찌' 만들기,1,감자전 과 감자떡의 사이! 쫀득하고 짭잘하니 맛있어요.,간식,https://recipe1.ezmember.co.kr/cache/recipe/2018/03/23/f02d9781faae375a9ddff8c9b91b69bb1.jpg,90,1,"적당한 크기의 감자,3개","감자 전분,2스푼","소금,1꼬집","간장,1스푼","올리고당,1스푼","맛술,1스푼","물,1스푼","버터,1조각","치즈,약간",끝,오븐,감자 3개를 깍둑썰기 해주세요.감자 3개물에 삶아주기 이전에 익히는 시간을 단축하기 위해서 잘라주세요.,냄비에 물을 넣고 가스렌지에 올려주세요.물냄비센불,물이 팔팔 끓으면,감자를 넣어주세요.,"그 사이 소스를 만들어 줄게요. 간장 1스푼,","올리고당 1스푼,","맛술 1스푼,",물 1스푼을 넣고,잘 섞어주세요.,감자를 젓가락으로 찔렀을 때 푹 들어가면 다 익은거랍니다.,다 익은 감자는 체에 받쳐 물기를 빼주시고,보울에 넣어 매셔로 으깨주세요.매셔매셔가 없으시면 그냥 포크로 으깨주셔도 돼요.,알갱이 없이 충분히 으깨주셨으면 감자전분 2스푼을 넣고,손으로 잘 뭉쳐주세요.,중간에 소금 1꼬집을 넣어주세요.,다시 잘 뭉쳐주세요. 감자전과 감자떡의 중간 질감이면 반죽 완성입니다.,"적당량을 똑 떼서 동글동글 모양을 잡아주시고 납작하게 눌러주세요. 저는 그냥 이모모찌랑 치즈 이모모찌 두 종류로 만들어 봤는데요,",치즈 이모모찌는 송편 만들때처럼 가운데 홈을 만들어서 그 안에 치즈를 넣어주세요. 치즈가 밖으로 나오지 않게 잘 뭉쳐서 눌러주세요.,이렇게 저는 총 9개가 나왔어요.,후라이팬에 버터 1스푼을 넣고 녹여주세요.버터후라이팬약불,버터가 어느 정도 녹았으면 반죽을 올려주세요.,양면을 노릇하게 구워주시고,미리 만들어둔 소스를 후라이팬에 부어주세요.,소스가 적당히 졸어들면 완성입니당,끝
"카라멜 입힌 식빵팝콘 레시피, 홈극장 별미",1,집에서 영화 보시는 경우가 상당히 많으신데요. 영화만 보면 섭섭할 수 있지요. 그래서 준비한 식빵팝콘레시피에요.,간식,https://recipe1.ezmember.co.kr/cache/recipe/2018/10/12/9eb2e16defe757f67e7449fe84570fc01.jpg,10,1,"식빵,2장","물,5T","설탕,4T","우유,3T","버터,1T",끝,오븐,식빵 2개를 가위로 네모지게 잘라 주세요.가위,식빵을 프라이팬에 올려서 한번 구워내 주세요. 구워진 식빵은 다른곳에 덜어내 주세요.자른식빵 2개프라이팬중불,"물 5 T와 설탕 4T를 프라이팬에 올려 프라이팬에 열기에 녹아 내려 물엿처럼 될때까지 가만히 두세요.설탕 4T, 물 5T빨리 녹인다고 절대 저으시면 안돼요.",설탕물이 끓어 오르기 시작하면 버터 1T를 넣어 주세요버터 1T이 때도 저으시면 안돼요.,이렇게 버터가 녹으면 색깔이 카라멜 색상이 나와요.이때 미리 구워 놓았던 식빵을 투하해 주세요. 식빵에 잘 묻어 나도록 잘 섞어 주세요.,식빵에 카라멜 색상이 입혀지면 종이호일을 깔고 한킴식혀 주시면 굳어지면서 식감이 살아나요.종이호일,영화 한편 보시러 가시죠~~,끝
달콤 짭조름♡ 떡 베이컨 간장조림♡,1,간단하니 맛있는 반찬! 아주 쉬워요 : ),간단요리,https://recipe1.ezmember.co.kr/cache/recipe/2016/02/16/d74c6731fce3dc72c5579b24083185f11.jpg,5,1,"베이컨,","대파,","떡,","간장,","참기름,","물엿,","기름,",끝,오븐,"대파에 떡국떡 (가래떡, 떡볶이떡) 베이컨",기름두르고 볶듯구워요.(튀기듯하면 더 맛있습니다),"간장.물엿.참기름을 넣어 볶아요. 간장 한스푼, 물엿 넉넉히, 참기름한스푼(이런 느낌 비율로. )",볶아주며 졸입니다.,국물없게끔 졸여야 맛있어용: ),깨도 뿌리고 한번 볶아준 후 끝.,완성^^,끝
비엔나 만두 강정,1,만두 강정을 만드려다가 집에 비엔나소세지가 있어서 같이 만들어봤어요ㅎㅎ,간단요리,https://recipe1.ezmember.co.kr/cache/recipe/2017/09/28/d445feff73d436cbea92af449c3f66ac1.jpg,15,1,"만두(교자만두/물만두),10개","비엔나소세지 작은거,1봉","물,1T","간장,1T","고추장,2T","케찹,2T","올리고당,1.5T","다진마늘,1t","참기름,약간","깨,약간",끝,오븐,만두는 기름을 두룬 팬에 노릇하게 구워줍니다.,비엔나 소세지에 원하는 모양대로 칼집을 내고 팬에 볶아줍니다.양파가 있다면 같이 볶아줘도 좋아요:),비엔나가 어느정도 구워지면 만두를 같이 넣어줍니다.,양념장을 넣고 양념이 고루 베이도록 잘 섞어줍니다.,양념이 어느정도 베이면 위에 통깨를 뿌려 마무리합니다.,"간식이나 술안주, 밑반찬으로 먹기 좋은 비엔나만두강정 완성!",끝
상추겉절이 맛있게 만드는법 상추무침 상추겉절이 양념장 김진옥요리가좋다,1,김진옥요리가좋다 블로그 바로가기 https://hls3790.tistory.com/1679 요즘 상추가 한가득 봉지에 넣어서 천원씩 판매하더라고요~ 오늘은 상추겉절이 맛있게 무치는 방법 소개합니다!!! 상추겉절이할때요~ 상추만 넣지 말고요~  깻잎을 몇장 같이 넣으면 식감도 좋고 향긋하니 더욱 맛있답니다!!!   재료(2~3인분): 상추15~17장(150g).깻잎5~7장.양파1/4개정도. 고춧가루2T반.간장2T반.참기름2T.식초2T. 설탕1T+1/3T.갈은깨1T듬쁙.다진마늘1/2T.멸치액젓1T ***밥숟가락 계량 ***양념장은 기호에 맞게 조절하세요~ ***상추겉절이에 깻잎을 몇장 넣으면 식감도 좋고 향긋하니 더욱 맛있습니다. ***상추의 장수는 크기에 따라 다르니까요~ 양념에 버무린후 양념장이 남으면 상추의 갯수 늘리세요~ ***오늘 소개한 양념장에 치커리.참나물.방풍.취나물을 생으로 무쳐도 맛있습니다.  #상추겉절이#상추무침#상추겉절이양념#상추요리,간단요리,https://recipe1.ezmember.co.kr/cache/recipe/2023/06/09/744f9eb9cb7e0804d7b5bc3718b5d1971.jpg,5,1,"상추,15~17장","깻잎,5~7장","양파,1/4개","고춧가루,2T반","간장,2.5T","참기름,2T","식초,2T","설탕,1.3T","갈은깨,1T","다진마늘,1/2T","멸치액젓,1T",끝,제일먼저 양념장을 만들어줍니다. 그릇에 고춧가루2T반.간장2T반.참기름2T.식초2T.설탕1T+1/3T.갈은깨1T듬쁙.다진마늘1/2T.멸치액젓1T를 넣고 섞어 양념장을 만들어줍니다. => 양념장은 기호에 맞게 조절하세요~~,상추는 세척후 큼직하게 썰어줍니다. 깻잎도 세척후 큼직하게 썰어줍니다. 양파는 곱게 채썰어준후 가닥가닥 풀어줍니다.,준비한 양념장에 채썬양파.깻잎.상추를 넣고 살살 버무리면 완성입니다. 상추와 깻잎은 구입하신것마다 크기가 다르니까요~ 장수를 딱 정하지 마시고요~ 양념장에 버무렸을때 양념이 남으면 상추와 깻잎을 더 넣어주세요~,끝
류수영 무전 레시피,1,"남은 자투리 무로 류수영 무전을 만들었어요. 간단한 재료로 만들기도 좋고 그냥 집어 먹기도 좋 아 술안주,밥반찬으로 좋아요.",간단요리,https://recipe1.ezmember.co.kr/cache/recipe/2023/06/08/1346676eb76d668480c77e3fbf3a3ff01.jpg,30,1,"무,2주먹","소금,2꼬집","설탕,1T","튀김가루,1/2컵","식용유,넉넉히","청고추,약간","홍고추,약간",끝,무는 달고 맛있는 초록 부분 위주로 일정한 두 께로 얇게 채썰어줍니다.,"고명용 청,홍고추는 얇게 어슷썰어줍니다.","볼에 채썬 무 두주먹에 소금 두꼬집,설탕1T 넣고 약 10분 가량 절여줍니다.",설탕을 넣으면 채소의 숨이 죽고 말캉해집니다. 절인 무에서 물이 나오면 그대로 반죽에 사용합니다.,절인무에 튀김가루 반컵을 넣고 무채를 살살 털어 가며 골고루 섞어줍니다. 무가 서로 엉길 정도의 점도가 나오면됩니다.,예열된 프라이팬에 약불에 튀김하듯 기름을 넉넉히 부워줍니다.,무채 한줌을 넣고 넓게 펴줍니다. 청.홍고추를 올린 뒤 중약불 에 노릇하게 튀기듯 구워주면 완성됩니다.,무사이에 공간이 있으면 수분이 빠져나가 더욱 바삭해집니다.,비스듬히 세워서 기름을 빼주면 더욱 바삭해집니다.,살짝 달달하면서 부드러운 식감도 좋고 겉바속촉 부드럽고 바삭하니 맛있어요.,끝
♥[신혼밥상] 팽이버섯 덮밥,1,"10분 레시피! 1,000원의 행복! 간단한데 맛까지 있음 100점 ^---^ 한그릇 팽이버섯 덮밥 함께해요~",간단요리,https://recipe1.ezmember.co.kr/cache/recipe/2020/06/03/4f573fef12f96ef7576c9d0f9603e1b51.jpg,10,1,"팽이버섯,1봉","대파,1줌","양파,1/2개","달걀,1개","참기름,약간","통깨,적당히","간장,2숟가락","굴소스,0.5숟가락","설탕,0.5숟가락","맛술,2숟가락","물,3큰술",끝,팽이버섯은 3등분으로 자르고 양파와 대파는 채썰어주세요.,"간장 2, 맛술 2, 물 3, 굴소스 0.5, 설탕 0.5숟가락을 넣고 소스를 만들어주세요.다진마늘 약간(커피스푼1) 넣어주면 더 맛있어요. 물론 생략가능!","달군팬에 기름을 두르고 대파, 양파, 팽이버섯을 넣고 숨이 죽을 만큼 살짝 볶아주세요.",소스를 부어주세요.,국물이 자작자작해질때까지 조려주면 완성!,국물이 자작해질 동안 달걀프라이 하나 ^^노른자 터트려 함께 비벼드시면 꿀맛!,밥을 담고 달걀프라이를 올린 다음 흰자 위로 팽이버섯 비~잉참기름 톡~통깨 뿌려주면 초간단 초저렴 든든한끼 완성!,끝
초간단 5분반찬!아삭아삭 '고추쌈장무침',1,고추는 그냥 쌈장에 찍어 먹어도 맛있지만 양념을 가미해 무쳐 드셔도 맛있답니다.오늘은 초간단 5분 반찬!아삭아삭한 식감이 참 좋은 '고추쌈장무침'레시피를 소개할께요.,간단요리,https://recipe1.ezmember.co.kr/cache/recipe/2019/02/21/003c9a280159b3ddc1f473b7077501ec1.jpg,5,1,"오이고추,6-7개","쌈장,1T","고춧가루,1/2T","올리고당,1T","참기름,1T","다진마늘,1/2T","깨,1T",끝,먼저 오이고추를 깨끗이 씻어 물기를 제거합니다. 매콤한것 좋아하시면 청양고추도 몇개 섞어주셔도 되요,깨끗이 씻은 고추는 먹기 좋은 사이즈로 썰어줍니다.,"쌈장 1스푼에 고춧가루1/2,깨1,올리고당1,참기름1,다진마늘1/2를 넣고 잘 섞어줘요.T:성인숟가락 기준모든 양념은 깍아서 ",썰어놓은 고추에 양념을 넣고 조물조물 잘 섞어주시면 끝입니다^0^양념은 한번에 다 넣지 마시고 조금씩 넣어가며 기호에 맞게 간을 맞쳐 주세요,초간단 5분반찬!아삭아삭 '고추쌈장무침'완성입니다.,한개 먹어보니 아삭아삭 씹히는 고추의 식감에 양념이 어우려져 참 맛있어요. 만들기 쉽고 입맛 돋구는 반찬으로 추천해요^^,끝
어느 음식에나 잘 맞는 부추겉절이 만드는 법 부추김치 양념장,1,"호둘이네 호둘짱은 부추김치를 참 좋아해요 그러다 보니 거의 빠지지 않고 부추를 사 오게 되는 것 같아요 고기 먹을 때나 상큼하게 밑반찬이 필요할 때 휘릭 무쳐놓기 편한 부추겉절이, 부추김치도 하고~ 아이들 야채 먹게 하는 부추 야채 전 만들기에도 딱 이거든요 전을 해줘야 부추를 먹는 호둘이랍니다 ㅡㅜ 오늘은 지난번 닭곰탕 먹을 때 휘릭 무쳐먹은 호둘이네 단골 메뉴 부추겉절이를 소개하려고 해요",간단요리,https://recipe1.ezmember.co.kr/cache/recipe/2023/06/08/b638066a998069634d8eeda5538d35741.jpg,10,1,"부추,1.5줌","양파,1/2개","고춧가루,2T","매실액,4T","액젓,0.5T","설탕,1T","간장,0.5T","식초,0.5T",끝,"부추는 깨끗이 씻어 잠시 물기를 빼놓고, 부추 물기가 빠지는 동안 부추겉절이 양념장을 만들었답니다 ★부추겉절이양념장고춧가루 2, 매실액 4, 액젓 0.5, 설탕 1, 간장 0.5, 식초 0.5(선택)부추 양념장은 잘 섞어 잠시 숙성시켜주세요(부추, 양파 다듬을 동안만요 ^^)",양파는 반개 정도 채 썰어 줬어요,부추도 5cm 정도 길이로 잘라 줬어요,"만들어둔 부추 겉절이 양념장에 양파 먼저 넣어 한번 섞고,",잘라둔 부추를 넣어 섞어주세요,부추를 섞을 땐 너무 힘주어 섞지 않고 살살 양념을 무치는 느낌으로 해주세요 자칫 부추에서 풀 내 날 수도 있어요ㅜ부추풀내 주의해주세요~!!!,마무리로 통깨팍팍 넣어 마무리해 줍니다,통깨까지 잘 버무려주면 어디에나 잘 어울리는 부추겉절이 만들기 끝!입니다,은근 매콤 새콤하면서 매실액으로 간해서 달큼한 맛이 있어 반찬으로 너무 좋답니다,끝
초간단 럭셔리요리@ 매콤참치퀘사디아,1,밖에서 사먹으려면 기본 2만원인 퀘사디아ㅠ 하지만 집에서 전자렌지로 초간단하면서도 더 맛나게 만들어먹을 수 있어요^.^,간단요리,https://recipe1.ezmember.co.kr/cache/recipe/2016/04/08/8448b043b2e1eb6cb55041b0bffb1a281.jpg,5,1,"또띠아,2장","참치캔,1개","치즈,취향껏","양파,0.5개","청양고추,1개","토마토소스,4T",끝,"참치캔, 햄, 양파, 치즈(취향대로), 토마토소스, 또띠아를 준비하고, 추가로 느끼함을 잡아주고 매콤함을 더해주기위해 청양고추도 준비합니다.",또띠아 한쪽면에 토마토소스를 2T덜어 바르고 캔참치의 기름기를 최소화하여 올려줍니다,그 위로 양파올리고,햄올리고,청양고추는 잘게썰어 고루 분포시켜 올리고 본인이 좋아하는 재료 더 추가합니다.,다른 또띠아의 한면에도 토마토소스를 2T 발라줍니다,기존에 재료쌓아올린 또띠아에 치즈를 듬뿍올리고,덮어줍니다그리고 이대로 전자렌지에서 2분 돌려주면전자레인지,끝,치즈가 녹아있죠,먹기좋게 잘라주고,하나씩,집어들어,먹으면기가 막히는 맛입니다♥,끝
단짠단짠의 대패덮밥,1,뜨끈한 밥에 대패삼겹살 한점! 집밥백선생 강추레시피! 간단하고 빠르게 만드는 별미메뉴! 입맛없을때 만들먹으면 밥두공기도 거뜬해요.,간단요리,https://recipe1.ezmember.co.kr/cache/recipe/2017/10/22/3211f299a02729bc2d05649ceec734771.jpg,30,2,"대패 삼겹살,400g","대파,2뿌리","설탕,2스푼","맛간장(OR진간장),4스푼",끝,궁중팬에 대패삼겹살을 넣어줍니다.대패삼겹살 400g,대파는 큼직하게 썰어서 준비합니다.대파 2뿌리,대패삼겹살이 골고루 익도록 볶아줍니다.강불,고기가 적당히 익으면 준비한 대파를 넣고 좀더 볶아줍니다.강불,대패삼겹살이 노릇해질 정도로 충분히 익혀준 뒤중불,설탕 2스푼을 넣고 한번 더 볶아줍니다.설탕 2스푼중불,설탕을 넣고 볶아주면 고기에 윤기가 돌아요.중불설탕을 넣을 때는 불을 중불로 줄여야 타지않게 볶을 수 있어요.,맛간장 또는 진간장을 4큰술 넣고 한번 더 볶아줍니다.중불입맛에 따라 간장의 양은 조절해야 해요!,삼겹살에 간장 양념이 골고루 베이도록 볶아주면 완성이에요^^,"오목한 그릇에 따뜻한밥을 담고, 그 위에 볶은 고기를 올려주면 대패덥밥 완성!",끝
미니 모짜렐라 방울치즈 샐러드,1,고소하고 쫀득쫀득한 미니 모짜렐라 방울치즈를 이용하여 샐러드를 만들었어요. ​ 미니 모짜렐라 치즈라서 모양도 예쁘고 한입에 먹기도 좋아요. 그럼 미니 모짜렐라 방울치즈 샐러드를 만들어 볼게요.,간단요리,https://recipe1.ezmember.co.kr/cache/recipe/2023/06/08/a60c8e97664f4dc30a9b272cb1ad5b5d1.jpg,30,1,"방울 치즈,6개","대추방울토마토,12개","오이 슬라이스,6개","청상추,5장","발사믹 글레이즈,약간",끝,대추방울토마토는 깨끗이 씻어 꼭지를 제거해요. 오이는 동글동글 슬라이스해요. 바질잎이 있으면 바질잎을 사용해도 좋아요. 청상추도 깨끗이 씻어서 물기를 제거해요.,청상추 채를 곱게 썰어요.,미니 후레시 모짜렐라 치즈입니다. 한 봉지에 3개씩 들어 있어요. 총 6개입니다. 냉동상태일 때는 냉장실에 두어서 해동시키거나 찬물에 봉지째 넣고 해동시켜요.,꼬치를 준비해요.,"방울토마토- 오이,-방울치즈 -방울토마토 순으로 꽂아요.",접시에 상추채를 깔아요.,"꼬치를 올려요,",발사믹 글레이즈를 준비해요. 발사믹 글레이즈는 발사믹 식초를 졸여서 진득한 질감으로 만들어낸 제품입니다.,발사믹 글레이즈를 보기좋게 뿌려요.,미니 모짜렐라 방울치즈 샐러드 완성입니다.,끝
초간단 5분반찬!아삭아삭 '고추쌈장무침',1,고추는 그냥 쌈장에 찍어 먹어도 맛있지만 양념을 가미해 무쳐 드셔도 맛있답니다.오늘은 초간단 5분 반찬!아삭아삭한 식감이 참 좋은 '고추쌈장무침'레시피를 소개할께요.,채식,https://recipe1.ezmember.co.kr/cache/recipe/2019/02/21/003c9a280159b3ddc1f473b7077501ec1.jpg,5,1,"오이고추,6-7개","쌈장,1T","고춧가루,1/2T","올리고당,1T","참기름,1T","다진마늘,1/2T","깨,1T",끝,먼저 오이고추를 깨끗이 씻어 물기를 제거합니다. 매콤한것 좋아하시면 청양고추도 몇개 섞어주셔도 되요,깨끗이 씻은 고추는 먹기 좋은 사이즈로 썰어줍니다.,"쌈장 1스푼에 고춧가루1/2,깨1,올리고당1,참기름1,다진마늘1/2를 넣고 잘 섞어줘요.T:성인숟가락 기준모든 양념은 깍아서 ",썰어놓은 고추에 양념을 넣고 조물조물 잘 섞어주시면 끝입니다^0^양념은 한번에 다 넣지 마시고 조금씩 넣어가며 기호에 맞게 간을 맞쳐 주세요,초간단 5분반찬!아삭아삭 '고추쌈장무침'완성입니다.,한개 먹어보니 아삭아삭 씹히는 고추의 식감에 양념이 어우려져 참 맛있어요. 만들기 쉽고 입맛 돋구는 반찬으로 추천해요^^,끝
10분요리) 양배추베이컨볶음!,1,"신랑이 양배추 샐러드를 좋아해서 집에 양배추가 엄청 많아요.. 매번 샐러드 해먹기도 지겹고, 베이컨만 넣어서 굴소스 볶음을 만들어봤어요! 이렇게 간단할 수가 없습니다. 아삭한 양배추와 짭쪼름한 베이컨의 만남! 아이들 반찬으로도 좋아요!",채식,https://recipe1.ezmember.co.kr/cache/recipe/2022/08/12/85b63c9b44a656605b72a84524c202d31.jpg,10,2,"양배추채,3줌","다진마늘,1스푼","다진파,약간","베이컨,7줄","맛술,1T","후추,톡톡","진간장,1T","굴소스,1스푼","통깨,약간",끝,예열된 팬에 식용유를 두르고 다진마늘 1스푼을 넣어볶아줍니다.,다진파도 노르스름 해질때까지 같이 볶아주세요.,베이컨을 넣어줍니다.,맛술 1스푼을 넣어주세요.,후추도 톡톡 뿌려줍니다.,"베이컨이 어느 정도 볶아지면, 양배추를 원하는 만큼 수북히 넣어주세요.","조리도구 2개를 이용하여, 잘 섞이도록 볶아줍니다.","진간장 한스푼,","굴소스 한스푼을 넣고, 양배추숨이 죽을때까지 잘 볶아주세요!",정말 간단한 메인반찬! 양배추 베이컨 볶음이 완성되었습니다.,끝
볶아 먹는 시금치도 맛있다♪ 시금치달걀볶음 ,1,달걀이랑 함께 볶은 시금치 달걀볶음입니다:),채식,https://recipe1.ezmember.co.kr/cache/recipe/2018/07/09/9025fd8fdc716755317050bf74df79f91.JPG,15,1,"시금치,1/2단","달걀,3알","기름,2-3T","다진파,1줌","소금,3꼬집",끝,시금치는 깨끗하게 씻은 뒤 먹기 좋게 잘라주세요.시금치 1/2단,"달걀 3알은 소금 한꼬집 넣어 잘 풀어주세요.달걀 3알, 소금 한꼬집","팬에 기름 살짝 두르고 달걀물을 넣어 약불에서 젓가락으로 저어가며 스크럼블 에그를 만들어 주세요.기름 약간, 달걀물약불",만들어진 스크럼블 에그는 접시에 잠시 덜어놓아 주세요.,"팬에 기름 2T, 다진파 한 줌을 넣어 약불에서 파기름을 만들어 주세요.기름 2T, 다진파 한줌약불",파향이 올라오면 센불로 올리고 시금치를 넣어주세요.시금치센불,시금치 숨이 살짝 죽으면 소금 두꼬집 정도 넣어 잘 섞어주세요.소금 2꼬집센불,그리고 아까 만들어 놓은 스크럼블 에그를 다시 넣어 잘 섞어주면 완성입니다:) 부족한 간은 소금으로 맞춰주세요.스크럼블 에그센불소금 대신 굴소스를 조금 넣어주셔도 좋아요.,끝
상추겉절이 맛있게 만드는법 상추무침 상추겉절이 양념장 김진옥요리가좋다,1,김진옥요리가좋다 블로그 바로가기 https://hls3790.tistory.com/1679 요즘 상추가 한가득 봉지에 넣어서 천원씩 판매하더라고요~ 오늘은 상추겉절이 맛있게 무치는 방법 소개합니다!!! 상추겉절이할때요~ 상추만 넣지 말고요~  깻잎을 몇장 같이 넣으면 식감도 좋고 향긋하니 더욱 맛있답니다!!!   재료(2~3인분): 상추15~17장(150g).깻잎5~7장.양파1/4개정도. 고춧가루2T반.간장2T반.참기름2T.식초2T. 설탕1T+1/3T.갈은깨1T듬쁙.다진마늘1/2T.멸치액젓1T ***밥숟가락 계량 ***양념장은 기호에 맞게 조절하세요~ ***상추겉절이에 깻잎을 몇장 넣으면 식감도 좋고 향긋하니 더욱 맛있습니다. ***상추의 장수는 크기에 따라 다르니까요~ 양념에 버무린후 양념장이 남으면 상추의 갯수 늘리세요~ ***오늘 소개한 양념장에 치커리.참나물.방풍.취나물을 생으로 무쳐도 맛있습니다.  #상추겉절이#상추무침#상추겉절이양념#상추요리,채식,https://recipe1.ezmember.co.kr/cache/recipe/2023/06/09/744f9eb9cb7e0804d7b5bc3718b5d1971.jpg,5,1,"상추,15~17장","깻잎,5~7장","양파,1/4개","고춧가루,2T반","간장,2.5T","참기름,2T","식초,2T","설탕,1.3T","갈은깨,1T","다진마늘,1/2T","멸치액젓,1T",끝,제일먼저 양념장을 만들어줍니다. 그릇에 고춧가루2T반.간장2T반.참기름2T.식초2T.설탕1T+1/3T.갈은깨1T듬쁙.다진마늘1/2T.멸치액젓1T를 넣고 섞어 양념장을 만들어줍니다. => 양념장은 기호에 맞게 조절하세요~~,상추는 세척후 큼직하게 썰어줍니다. 깻잎도 세척후 큼직하게 썰어줍니다. 양파는 곱게 채썰어준후 가닥가닥 풀어줍니다.,준비한 양념장에 채썬양파.깻잎.상추를 넣고 살살 버무리면 완성입니다. 상추와 깻잎은 구입하신것마다 크기가 다르니까요~ 장수를 딱 정하지 마시고요~ 양념장에 버무렸을때 양념이 남으면 상추와 깻잎을 더 넣어주세요~,끝
♥[신혼밥상] 5분 반찬 상추겉절이,1,봄철 입맛 돌게 만드는 상추겉절이~ 한국식 샐러드 ㅋㅋ 밥도 좋아요. 고기에도 잘 어울리는 반찬! 초스피드로 뚝딱 즐겨보세요~,채식,https://recipe1.ezmember.co.kr/cache/recipe/2020/03/26/6d6107810146e718ca42320cef0833c01.jpg,5,1,"상추,20장","고춧가루,2큰술","다진마늘,1큰술","간장,1큰술","설탕,1스푼","식초,2큰술","참기름,1큰술","통깨,1큰술",끝,상추를 썰거나 손으로 뜯어주세요.,"큰 볼에 고춧가루2, 다진마늘 1, 간장 1, 설탕1, 식초2, 참기름1, 통깨1을 넣고 섞어주세요.",상추를 한쪽에 몰아준 다음 상추를 조금씩 잡아서 양념장을 조금씩 무침 반복! 그래야만 간 조절에 실패 없음!한꺼번에 무쳐주면 편하지만 상추양에 따라 양념장이 많거나 부족할 상황 예방!,통깨 팍팍!손목에 힘을 빼고 아주 살살살 버무려 주면 완성!,"샐러드처럼 드셔도 좋고, 밥 넣고 상추 넣고 참기름 쪼르륵해서 비빔밥해서 드시면 이 또한 별미 중의 별미!",끝
"내 인생 레시피,친정 엄마표 “파채무침”",1,"누군가가 제게 세상 맛진 요리는 무엇이냐고 물어보신다면,저는 1도 망설임 없이 어릴 때 부터 맛나게 먹고 자라던 친정엄마 요리들이라고 말할 수 있습니다.친정 엄마손에서는 분명히 맛진 조미료가 나온다고 생각했는데 제가 엄마라는 이름표를 달아보니 그 맛진 조미료는 바로 엄마의 사랑과 정성이었음을 깨닫게 됩니다. 제가 좋아하는 엄마 레시피 중에 제 인생레시피 하나! 친정 엄마표 파채무침입니다.",채식,https://recipe1.ezmember.co.kr/cache/recipe/2022/11/15/9e01753c1b0f35315692fd5c984db4be1.jpg,30,1,"잔파,12대","양파,1개","식초,4큰술","간장,2큰술","설탕,2큰술","고춧가루,6큰술","참기름,4큰술","통깨,2큰술",끝,잔파 12대와 양파 1개를 최대한 가늘게 채썰어 줍니다.▶식초 4큰술,▶간장 2큰술,▶설탕 2큰술,▶고춧가루 6큰술,▶참기름 4큰술,▶통깨 2큰술재료들을 양념에 조물조물~친정 엄마표 파채무침 완성입니다.,삼겹살과 함께 먹으면 너무너무 맛있는친정 엄마표 파채무침,가족을 위해 요리를 만들며 진심을 다 하는 제 손에서도 어느덧 맛진 조미료가 조금씩 나오고 있는것 같습니다.,끝
매운맛 쏙 마늘 꿀조림 만들기,1,마늘은 매운맛때문에 먹기힘들죠 . 그런데 이렇게 하니 아이들도 먹을수있고 마늘이 꿀맛입니다,채식,https://recipe1.ezmember.co.kr/cache/recipe/2019/04/13/1bd0a756ce6621fbf3711739980726b61.jpg,30,1,"간장,2큰술","꿀,3큰술","맛술,1큰술","마늘,2컵",끝,"재료: 마늘2컵, 꿀3큰술,맛술1큰술조림장: 간장2큰술,꿀3큰술,맛술1큰술",마늘은 껍질을 벗겨 깨끗이 씻어줍니다,냄비에 물을넣고 끓으면 중불로 5분정도 삶아주세요.5분이면 알맞게 삶아 진 것 같아요.이렇게 해주면 매운맛도 없어지고 특유의 마늘 냄새도 제거 됩니다.,마늘의 물기를 빼주세요.,"팬에 양념재료 간장,꿀,맛술 넣고 약한불에서 끓이세요.센불에서 하면 조림장이 다 날라가 버립니다.",끓으면 마늘 넣고 중약불로 계속 타지않게 조려줍니다.,조림장이 어느정도 졸여지면 완성,"매운맛이 싹 없어지고 달콤한 마늘조림이 되었네요.아이들도 먹을수 있어요.마지막에 집에 있는 견과류 아몬드,땅콩 을 버무려도 좋아요.",끝
저녁반찬 없을때 후다닥 참치감자조림,1,집에 참치와 감자가 있었는데 뭘 해먹어야 좋을까 싶어서 찾아보다가 백종원씨가 만들어서 유명한 레시피가 있기에 따라해보았어요!,채식,https://recipe1.ezmember.co.kr/cache/recipe/2018/07/18/d65a465ab4b6dc2bacd48eecb70f5e5e1.jpg,10,1,"참치,1캔","감자 작은거,2개","양파,1/2개","대파,1줌","매콤하게 먹고싶으면 청양고추,1꼬집","고추장,1스푼","고춧가루,1스푼","간장,1스푼","다진마늘,1스푼","설탕,1스푼","물,200ML","후추,톡톡",끝,감자와 양파는 먹기좋게 썰어주세요,뚝배기(냄비)에 감자와 양파를 넣고,양념장은 미리 섞어주세요,참치는 기름기를 뺀뒤 올려주고,대파도 올려줘요(매운거 좋아하시면 청양고추도 한꼬집),잘섞인 양념장은,냄비에 붓고 물도 넣어서 푹 끓여줍니다,너무 휘저으면 참치가 으깨지기는 하는데 어차피 밥 비벼먹을거면 상관없어요! ㅎㅎ끓이기만 하면 완성 입니다!,끝
전자레인지 깻잎찜. 2분 돌려 완성하는 초간단반찬.,1,깻잎에 양념 발라서 2분 돌려주기만 하면 만들어지는 밥도둑 반찬 깻잎찜.,채식,https://recipe1.ezmember.co.kr/cache/recipe/2018/05/18/b0fc897704b64174ec5e0bcd56c7dc761.jpg,15,1,"깻잎,40장","양파,1/4개","대파,2T","양조간장,3T (진간장2.5T)","고춧가루,1T","마늘,1T","액젓,1T","설탕,1T","물,2T","참기름,1T",끝,깻잎을 40장 정도 흐르는 물에 잘 씻어 물기를 털고 준비해주세요.,위에 분량대로 양념을 만들어주세요. 양파는 채썰어서 대파도 썰어서 같이 넣어 섞어주세요.,깻잎 2-3장씩 곂쳐 놓으면서 양념을 골고루 발라주세요. 양념발라서 전자레인지에 돌려야하니 처음부터 전자레인지에 돌릴 수 있는그릇에 하시면 편하겠지요?,저는 나중에 먹을 때 잘 떼어지게 하기 위해서 저는 깻잎을 지그재그로 놓아서 쌓는답니다.,깻잎에 양념을 다 바르고 랩으로 살짝 덮어주었어요.,전자레인지에 넣어서 1분을 먼저 돌려주세요.전자레인지,분 돌려서 나온 깻잎입니다. 약간 덜 된것 같지요? 아삭한 깻잎찜을 원하신다면 이정도만 하셔도 될 수도요. 전자레인지 출력이 다르고 취향이 다르니 시간을 조절하세요 :D,저는 1분 더 돌려주었어요. 양념도 더 잘 스며든 것 같고 양파와 깻잎도 적당히 익었습니다 : ),전자레인지 돌려서 간단하게 맛있는 밥도둑 깻잎찜을 완성했답니다.,끝
류수영 무전 레시피,1,"남은 자투리 무로 류수영 무전을 만들었어요. 간단한 재료로 만들기도 좋고 그냥 집어 먹기도 좋 아 술안주,밥반찬으로 좋아요.",채식,https://recipe1.ezmember.co.kr/cache/recipe/2023/06/08/1346676eb76d668480c77e3fbf3a3ff01.jpg,30,1,"무,2주먹","소금,2꼬집","설탕,1T","튀김가루,1/2컵","식용유,넉넉히","청고추,약간","홍고추,약간",끝,무는 달고 맛있는 초록 부분 위주로 일정한 두 께로 얇게 채썰어줍니다.,"고명용 청,홍고추는 얇게 어슷썰어줍니다.","볼에 채썬 무 두주먹에 소금 두꼬집,설탕1T 넣고 약 10분 가량 절여줍니다.",설탕을 넣으면 채소의 숨이 죽고 말캉해집니다. 절인 무에서 물이 나오면 그대로 반죽에 사용합니다.,절인무에 튀김가루 반컵을 넣고 무채를 살살 털어 가며 골고루 섞어줍니다. 무가 서로 엉길 정도의 점도가 나오면됩니다.,예열된 프라이팬에 약불에 튀김하듯 기름을 넉넉히 부워줍니다.,무채 한줌을 넣고 넓게 펴줍니다. 청.홍고추를 올린 뒤 중약불 에 노릇하게 튀기듯 구워주면 완성됩니다.,무사이에 공간이 있으면 수분이 빠져나가 더욱 바삭해집니다.,비스듬히 세워서 기름을 빼주면 더욱 바삭해집니다.,살짝 달달하면서 부드러운 식감도 좋고 겉바속촉 부드럽고 바삭하니 맛있어요.,끝
버섯찌개 - 숙주버섯찌개 ,1,아삭한 숙주 쫄깃한 버섯이 가득 들어있는 숙주버섯찌개 얼큰하니 맛나요 ^^,한식,https://recipe1.ezmember.co.kr/cache/recipe/2016/08/06/33f5c47032af8ce9168b592e2b67f0581.jpg,60,2,"느타리버섯,1팩","숙주나물,2줌 가득","식용유,2","다진마늘,1","고춧가루,3","국간장,3","멸치다시마육수,6","소금,","후춧가루,",끝,느타리버섯이랑 숙주는 깨끗하게 손질해서 준비해 줍니다.,멸치왕창 넣고~~ 다시마도 한장 넣고 육수를 진하게 끓여 줍니다.,"냄비에 식용유2,다진마늘1,고춧가루3을 넣고약불에서 양념을 볶아 줍니다. 양념이 타지 않게 약불로 볶다~ 국간장3을 넣고 고추기름과 잘 섞이게 볶아주세요.",이젠 버섯을 넣어 양념장에 고루 볶아주고~,숙주도 넣어 볶아줍니다.,고루 잘 볶아주기!,멸치다시마육수를 6컵 부어줍니다.,10분정도 끓이다 파를 넣고 5분 더 끓여 마무리 해주세요. 부족한 간은 소금으로~ 입맛에 따라 후추를 넣어 주셔도 됩니다.,끝
다른반찬이 필요없는 두부짜글이로 밥한공기 뚝딱!,1,제가 두부를 제일 좋아해서 두부요리는 다 맛있는것같아요ㅋㅋㅋ 오늘 선보일 두부짜글이도 역시나 맛있었네요!!,한식,https://recipe1.ezmember.co.kr/cache/recipe/2019/04/12/db0fb535f6298cd76ded5a502874343a1.jpg,30,1,"두부,1모","양파,1/2개","청양고추,2개","대파,","고춧가루,1.5T","고추장,1.5T","간장,2T","설탕,1T","다진마늘,1/2T",끝,먼저 양파1/2개와 청양고추2개를 먹기좋게 썰어주세요,"고춧가루1.5T, 고추장1.5T, 간장2T, 설탕1T, 다진마늘1/2T를 섞어서 양념장을 만들어주세요",낮은 후라이팬에 양파를 올리고 두부를 삥 둘러서 올려주세요,물은 두부가 자작하게 잠길정도만 넣어주시고 양념장을 그 위에 올려주세요,뚜껑을 닫고 약한불에 졸여주세요,뚜껑을 잠시 열고 대파와 청양고추2개를 넣어서 다시 졸여주세요국물이 없어질정도로 졸여주세요,끝
해물믹스요리 해물 된장찌개/된장찌개 맛있게 끓이는법,1,해물믹스 넣고 끓인 시원한 해물 된장찌개입니다,한식,https://recipe1.ezmember.co.kr/cache/recipe/2023/06/09/30781e791c0853be08ad893a8c9678111.jpg,30,2,"해물믹스,150g","두부,1/3모","감자,1개","양파,1/2개","애호박,1/4개","청양고추,2개","대파,1/2개","멸치육수,800ml","된장,1.5스푼","고추장,0.5스푼","황설탕,1티스푼","생강술,0.5스푼","다진마늘,0.5스푼","소금,약간",끝,재료 준비해 주세요~,"두부, 감자, 애호박, 양파, 청양고추, 파는 먹기 좋은 크기로 썰어 주세요~",냄비에 멸치육수 붓고 된장 1.5스푼을 체에 받쳐 풀어 주고 고추장 반스푼 넣고 해물믹스와 감자를 넣고 중불에서 5분만 끓여 주세요~ 멸치육수가 없으면 쌀뜨물 사용하거나 쌀뜨물 없으면 맹물 넣고 만드셔도 됩니다,"단단한 감자가 익었을때 양파, 애호박, 두부를 넣고 3분 정도 끓여 주세요~","황설탕과 생강술, 다진마늘을 넣고 부족한 간은 소금으로 맞춰 주세요~생강술 대신 생강즙, 생강가루 다 되고 없으면 맛술 약간 넣어 주세요~",끓이는 중간 떠오르는 거품은 걷어애 주는게 국물이 깔끔해요~,청양고추와 파를 넣어 주세요~,한소끔 후루룩 끓여 마무리 하면 해물 된장찌개 완성입니다,끝
아침메뉴 소고기 차돌박이 된장찌개 된장국 황금레시피,1,아침에 먹어주면 오전 시간 든든하고 구수한 차돌박이된장국 만들기 레시피 시작하겠습니다,한식,https://recipe1.ezmember.co.kr/cache/recipe/2023/06/08/126170d1d3913e2d7f1aefd1f0989ae71.jpg,30,2,"무,1cm","애호박,1/2개","양파,1/2개","감자,1개","양송이,2개","대파,1뿌리","차돌박이,100g","다시마 손바닥,크기","된장,2숟가락","집된장,1숟가락","홍고추,1개","청양고추,1개","맛술,1숟가락","쌀뜨물,1L",끝,무 두께 1cm 정도를 나박썰기 해주세요.,애호박 1/3도 먹기 좋게 썰어주세요.,양파 1개 썰어주세요.,감자 1개 썰어주세요.,양송이 2개 먹기 좋은 크기로 만들어주세요.,대파 1 줄기 반 갈라 숟가락으로 뜨기 쉽게 잘라줬어요.,"홍고추 1개, 청양고추 1개도 송송 썰어줘요.",차돌박이 100g이에요. 더 넣어줘도 좋아요!,다시마도 망에 반정도 채워서 넣어줘요. 두부도 따듯한 물에 담가 간수 빼주세요.,재료가 준비되었으면 먼저 중불에서 차돌박이 넣고 소금 톡톡 뿌려줘요.,"맛술 1/2 넣어주고, 시판 된장 2 숟가락 넣고 중약불에서 다글다글 볶아주다가",무도 넣고 같이 볶아줘요.,쌀뜨물 1L 부어주세요. 없으시면 생수 부어주셔도 돼요!,다시마 망을 10분 정도 넣어서 다시마 육수맛을 내줘요,체에 집된장 1 숟가락 풀어줘요. 차돌박이된장찌개 스타일로 끓이고 싶으시다면 2 숟가락 넣어줘요.,"감자, 양파, 버섯, 애호박 다 넣어줘요. 끓이다가 거품 올라오면 걷어내 주세요.",10분 정도 끓였으면 다시마 망은 건져 올려주세요.,"뚜껑을 덮고 차돌박이된장국 한소끔 끓여주세요. 무가 투명해지면, 마지막에 파, 두부, 고추, 소고기다시다 1/4 풀어주면 완성이에요!",끝
뜨끈한 국물이 생각날때! 참치감자찌개.,1,어제부터 비가 내리더니 무더위까지 데려 갔나봐요. 뜨끈한 국물요리가 생각 나더라구요. 참치와 감자를 넣어 얼큰하면서도 담백한 고추장찌개를 끊여 봤어요. 햇감자의 포근함과 고추장찌개의 매콤함이 어우러진  오늘처럼 비가 촉촉히 내리는날 딱! 어울리는 음식이네요. 캠핑요리로도 아주 잘 어울려요.,한식,https://recipe1.ezmember.co.kr/cache/recipe/2017/06/07/3a92ec90e190373cd59c036de64dcfeb1.jpg,30,1,"감자,2개(220g)","참치캔,1개(150g)","양파,1개","고추장,2수저","고추가루,1수저","청양고추,2개","다진파,2수저","다진마늘,1/2수저","소금,조금","후추,톡톡","물,3컵",끝,"감자는 납작하면서 도톰하게 썰어주고,양파는 도톰하게 썰어 줍니다.","참치캔 국물은 냄비에 넣어주고,참치는 따로 준비합니다.",참치국물에 감자를 볶아 줍니다.,"감자 모서리가 살짝 투명해지면물3컵을 넣어주고,고추장, 고추가루를 넣고 끓여 줍니다.너무 센불에 끊이면 고추장이 여기저기 튀어서 난리도 아니에요 ㅎㅎ",감자가 거의 다익으면 참치를 넣고다진마늘과 다진파를 넣고 한소끔 끓여 줍니다.저는 느타리버섯이 있어서 조금 넣어주었어요.,마지막 간은 소금간 해주시면 되구요.저는 집고추장으로 해서 설탕 조금 넣어 주었어요.고추장찌개는 달달해야 더 맛있더라구요.,감자의 포근함과 얼큰함을 느낄수 있는 참치감자찌개 완성입니다.,끝
짬뽕맛 나는 오징어찌개 만들기 ,1,시원한 맛이 일품인 짬뽕맛 나는 오징어찌개 만들기입니다.,한식,https://recipe1.ezmember.co.kr/cache/recipe/2015/09/10/50680b960679bf44509461583bbb44771.jpg,30,2,"오징어,1마리","애호박,1/2개","양파,1/2개","청양고추,1개","콩나물,3줌","대파,조금","멸치(국물다시용),적당량","포도씨유,1큰술","고춧가루,1큰술","다진 파,1큰술","다진 마늘,1큰술","국간장,1큰술","고추장,1작은술","소금,1작은술","후춧가루,조금",끝,멸치와 다시마를 넣고 약한 불에서 10분정도 끓인 후 체에 걸러 육수를 준비합니다,"애호박은 4등분, 양파 채썰고, 청양고추와 홍고추는 어슷 썰어 주세요",오징어는 몸통 안쪽에 사선으로 잔 칼집을 내고 적당히 썰어 주세요,볼에 양념 재료를 넣어주세요.,"오징어, 애호박, 양파를 넣어 골고루 버무려 주세요",콩나물 3줌정도 물에 씻어 준비해주세요.,냄비에 포도씨유 1큰술을 두르고 양념 해 놓은 재료들을 넣어 중약 불에서 2분정도 볶아 주세요,멸치 육수 4컵정도 붓고 콩나물 넣어 주세요 뚜껑은 덮지 마세요~~,한소끔 끓으면 요로케 거품이 마구 마구 생기는데 싸악~걷어 내야 잡내가 안나고 국물이 시원합니다~ 8분정도 끓여주세요.,청양고추와 홍고추 대파를 넣고 중약 불에서 2분정도 끓이면 완성~ 너무 오래 끓이면 오징어가 질겨지고 채소들도 숨이 다 죽어 맛이 없어요!,끝
참치두부찌개 ,1,반찬없을때 후다닥 끓여 먹는 간단한 찌개,한식,https://recipe1.ezmember.co.kr/cache/recipe/2017/02/02/8843c456356d84e3114040e51c21864b1.jpg,30,1,"두부,1모","참치(작은캔),1캔","양파,1/2개","대파 고춧가루,3~4T","간장,3T","올리고당(설탕),1T","다진마늘,1T","맛술,1/2T","후추,약간",끝,"고춧가루 3~4T, 간장 3T, 올리고당(설탕)1T, 다진마늘 1T ,맛술 0.5T, 후추약간매콤하게 드시려면 청양으로,, 저는 고춧가루 3T만 넣었어요 (매운거 잘 못 먹는 수유부라,,,)","참치는 기름 꽉 짜서 뜨거운 물에 한번 헹궈 주면 더 좋아요,",채 썬 양파에 참치 양념장을 골고루 올려주세요,두부는 1.5cm 정도로 썰어주세요한 모 기준 14조각,두부 위에도 남은 양념장을 올린 후 물 2컵~ 2컵반을 부어 끓여 주세요,"마지막으로 대파를 썰어 주고 부족한 간은 소금으로,,",간단하고 맛 좋은 두부요리급하게 저녁 찌개 끓여야 할 때 강추해요!!,끝
넌깍둑썰기만해 ♥ 스팸짜글이,1,재료만 깍둑썰기 하면 요리 끝~ 요알못도 쉽게 만드는 스팸짜글이 레시피 ^0^♪♬     세상의 모든 레시피 만개의레시피,한식,https://recipe1.ezmember.co.kr/cache/recipe/2018/07/20/9635738e689f034b9d7eca3e14b75e2f1.png,10,2,"스팸,200g","양파,1/4개","감자,1/4개","두부,1/4모","애호박,1/4개","대파,1/4대","물,2종이컵","고추장,2숟가락","고춧가루,1숟가락","국간장,1숟가락","다진마늘,1숟가락","후춧가루,1/2숟가락",끝,재료들은 모두 깍둑 썰어 준비한다.,양념재료를 섞는다.,"냄비에 재료들을 모두 담고, 물을 붓고 끓인다.냄비",섞은 양념을 넣고 끓여 완성한다.,끝
반찬 없을때~ [백종원콩나물찌개]정말 대박대박 맛있어요~♡,1,백종원님 레시피는 항상 실망시키지 않지만 이거 역시!!! 엄지 척! 올라가는 맛있예요^^ 해장으로 제격~!!!!!,한식,https://recipe1.ezmember.co.kr/cache/recipe/2015/11/06/e3bcd1e25b3ecf82cafe3a408f56034e1.jpg,15,1,"콩나물,1봉지","돼지고기다짐육,1컵","양파,1/2개","표고버섯,1줌","청 고추 &홍 고추,2개","파,1컵","식용유,1컵(소주잔)","다진마늘,1큰술","새우젓,1큰술","간장,1큰술",끝,먼저 고기를 준비해 주세요 (저는 앞다리살 사놓은게 있어서 적당한 크기로 썰어서 사용했어요 ),식용유 1컵(소주잔) 과 파1컵(종이컵) 을 넣고 파기름을 내줍니다.,파가 어느정도 볶아지면 고기를 넣고 같이 볶아줍니다. (이때 향이 넘 좋아요^^ 그냥 집어먹고싶은 충동이..ㅋㅋ),고기가 어느정도 볶아졌으면 고추가루1컵(소주잔)을 넣고 볶아주세요,고추가루가 들어가면 양념이 금방 타니 휘리릭 재빠르게 볶아주세요,콩나물을 올리고 살짝 물이 잠길정도로 부어주세요,저는 표고버섯 불린물도 같이 넣어줬어요.,새우젓 한큰술 / 간장 한큰술 / 마늘 한큰술 넣어주시고 썰어놓은 고추도 넣어주세요.,끝
 깔끔담백!! 두부감자전골,1,감자가 많아서 뭐해먹을까하다가 두부사다가 두부와 감자를 많이넣고 끓여서 먹었습니다. 뜨거운밥이랑 먹으면 환상입니다 ㅎ  담백하게 드실수 있는 두부전골입니다 ^^,한식,https://recipe1.ezmember.co.kr/cache/recipe/2020/06/07/0f37dff318ef221363d0ce9ba6920d5a1.jpg,30,2,"두부,2모","감자,2개","양파,1개","마늘,10개","청양고추,5개","대파,조금","멸치육수,3컵","간장,8스푼","고추가루,3스푼","청양고추가루,1스푼","설탕,1스푼","다진마늘,1스푼","맛술,2스푼","깨,1스푼","후추가루,약간","참기름,1스푼",끝,원하는 크기로 감자썰기,원하는 크기로 양파썰기,원하는 크기로 마늘썰기,원하는크기로 고추썰기,두부는 네모모양으로 썰어주세요 너무얇게썰면 다 부서지니 적당한 두께로 썰어주세요,위의 재료로 양념장을 만들어 줍니다.,후라이팬밑에 감자를 먼저 깔아주세요,그위에 두부를 올려주세요,양파 마늘 고추를 넣고 멸치육수 3컵을 넣어줍니다.,양념장을 넣어줍니다,한번끓으면 불을 줄이고 중불에서 졸이듯이 끓여줍니다,감자가 익을정도가 되면 대파로 마무리해주세요,맛있게 드세요^^,끝
영화속요리 10탄 줄리앤줄리아 속 크림소스 치킨스테이크,1,안녕하세요 이번에 도전한 요리는 줄리앤줄리아에 나오는 요리에요  이번 시즌때는 줄리앤줄리아에 나온 요리들이 많이 나오는데요  제가 딱 좋아하는 요리들이 이 영화에 많이 등장하기 때문이에요    이번에 도전한 요리는 크림소스 치킨스테이크인데요  다이어트용으로 사논 닭가슴살을 이용했구요   쉽게 만들 수 있는 크림소스 레시피로 집에서도 즐기기 편하실거에요,양식,https://recipe1.ezmember.co.kr/cache/recipe/2017/09/21/f18eb5188eec99631c502d61667ff5941.jpg,30,1,"닭가슴살,2조각","올리브유,적당히","파슬리,약간","양파,1/2개","버터,1스푼","우유,1컵","전분가루,2스푼","소금,약간","후춧가루,약간","치킨스톡(생략가능),1개",끝,★양파 볶기버터를 녹인 후라이팬에 양파를 볶아주세요,"★소스만들기 양파가 투명해지면 우유와 전분가루, 치킨스톡, 후추, 소금을 넣고 졸여주세요",★닭가슴살 굽기다른 후라이팬에 올리브유를 두르고 닭가슴살을 앞뒤로 구워주세요,★완성접시에 닭가슴살을 담고 소스를 올리고 파슬리를 뿌려주면 완성,끝
다이어트식단~브로콜리 당근 닭가슴살 스크램블!,1,다이어트를 시작한 아들램을 위해서 닭가슴살을 대량구매를 했는데 갈릭맛으로 잘못구매를ㅜㅜ 그래서 제가 대신 먹고있네요ㅎㅎ 그덕에 저도 다이어트를 하게 되었네요ㅎㅎ,양식,https://recipe1.ezmember.co.kr/cache/recipe/2021/01/30/48622a51fccaf6985354ba63b13c930f1.jpg,10,1,"닭가슴살,1팩","당근,1/3등분","브로콜리 자른것,1줌","계란,2개","소금,1꼬집","올리브유,1큰술",끝,삶아진 닭가슴살1팩을 준비해주시고 작게 잘라주세요,브로콜리/당근도 준비후에 작게 잘라주세요,계란2개에 소금 1꼬집을 넣고 잘풀어주세요,팬에 올리브유를 넣고 닭가슴살/당근/브로콜리를 넣고 3~5분을 달달 볶아주세요,풀어둔 계란물을 고루 부어주세요*채소는 센불에서 계란물을 넣고는 중약불에서 조리합니다,계란물이 눌러붙지않게 살살 섞어가면서 볶아주세요,채소와 단백질이 골고루 섞여진 맛있는한끼~다이어트식단으로 전혀 손색이 없는 그런 스크램블이네요채소를 저보다 더 작게 썰어서 만들어주시면 아이들반찬으로도 손색이 없을듯하네요ㅎ,끝
알리오 올리오 파스타 오일 파스타 레시피,1,알리오 올리오 파스타 오일 파스타 레시피 입니다.,양식,https://recipe1.ezmember.co.kr/cache/recipe/2023/06/08/9f284a81e7b67cb1999671727484ecab1.jpg,20,1,"스파게티면,240g","물,1.5L","소금,1T","올리브오일,15T","다진마늘,5T","페페론치노,5개","소금,0.3T","대파,1대","면수,5T",끝,-위 재료 확인하고 준비해주세요. -넓은 웍에 물 1.5L와 소금 1T 넣고 물이 끓으면 스파게티면 넣고 약 7분 정도 삶아주세요. (식감은 본인 기호에 맞게 정하시면 됩니다.),면 삶는 동안 대파 쫑쫑 썰어 주세요.,면이 다 익으면 면수와 면 따로 분리해주세요. 면수는 나중에 사용하니까 다 버리시면 안됩니다.,"넓은 웍에 올리브오일 15T 가량 넉넉하고 두르고, 다진마늘 5T 가량 넣어주세요.",썰어 놓은 대파도 모두 넣습니다. 마늘이 익을 때까지 가스레인지 중 약불에서 조리해주세요.,마늘이 익으면 페퍼론치노 잘게 부셔서 넣어주세요.,삶아 놓은 면 넣어 줍니다.,면수 5T 가량 넣어주세요.,소금은 0.3T 가량 넣어주시면 됩니다.,면수는 스파게티의 뻑뻑함 정도에 따라서 가감 하시면 됩니다.모든 재료가 들어가고 나면 원하는 정도의 식감이 되면 가스레인지 불 꺼주시면 됩니다.,끝
허니갈릭 연어,1,간단하지만 너무 맛있는 허니갈릭 연어에요 :),양식,https://recipe1.ezmember.co.kr/cache/recipe/2019/04/12/3b4c7f70f3c9509790df0718377f52ce1.jpg,30,2,"연어,3덩이","소금,1꼬집","후추,1꼬집","올리브오일 혹은 식용유,2T","물,5T","간장,5T","꿀,3T","옥수수 전분,2T",끝,소금과 후추를 이용해 연어 밑간을 해줄게요,팬에 올리브 오일을 넉넉히 둘러주세요,중간불에 밑간을한 연어를 양쪽 다 익혀줄게요,다 구워진 연어는 그릇에담아 따듯함을 유지할 수 있게 호일로 덮어주세요,다진마늘을 넣고 30초만 볶아줄게요,"그 후, 물 5T와 간장 5T와, 꿀 3T을 넣어줄게요",옥수수전분과 물을 잘 섞어줄게요,옥수수전분을 양념에 넣어 농도를 맞춰주세요,양념이 끓으면 연어를 넣고 조려줄게요,양념을 연어에 끼얹어 주세요,그릇에 담으면 완성입니다,끝
양배추오믈렛..,1,간단하게 한끼식사로 먹을수 있는 양배추오믈렛... 담백한게 맛있어요.,양식,https://recipe1.ezmember.co.kr/cache/recipe/2023/02/15/ae25d353c17492c998228a5d84c8dc0b1.jpg,5,1,"계란,3개","양배추,1줌","소금,2꼬집","모짜렐라치즈,적당량","카놀라유,적당량","케찹,적당량",끝,계란 3개에 소금 두꼬집을 넣어 풀어요.,양배추는 가늘게 채 썰어계란물에 넣어 섞어요.,달궈진팬에 카놀라유 두르고영배추반죽물을 넣고모짜렐라치즈를 솔솔 뿌려요.,아랫면이 익으면 반으로 접어약불에서 치즈가 녹을때까지 기다려요.,치즈가 녹으면 접시에 담고,케첩을 뿌려주면,완성 ~!,끝
아침메뉴 추천 몬테크리스토 샌드위치 햄치즈샌드위치 아기도 좋아해요!,1,아침메뉴로 좋은 몬테크리스토 샌드위치예요. 주말 아침에 만들어 먹었는데요. 저와 남편은 물론 복덩이도 정말 잘 먹어요. 사실 햄과 치즈가 들어갔는데 싫어할 수가 없죠,양식,https://recipe1.ezmember.co.kr/cache/recipe/2023/06/08/e10a5f2450c19a4b6d50bbab00b9abfb1.jpg,30,1,"식빵,3장","슬라이스햄,2장","치즈,2장","딸기잼,","달걀,1개","우유,약간","버터,1조각",끝,식빵은 테두리를 잘라 주세요. 그냥 해도 되지만 자르면 샌드위치 모양이 더 예뻐요. 식빵 테두리는 버리지 말고 버터에 바싹 구워 설탕을 뿌려 먹으면 맛있어요.,식빵에 딸기잼을 발라요. 전 좋아하는 달달한 크림치즈를 발랐어요.,그 위에 치즈와 햄을 올려 주세요.,위 과정을 한번 더 반복하고 식빵으로 덮어요.,달걀물에 우유를 살짝 넣어 섞어 주세요.,만들어 둔 샌드위치의 모든 면에 달걀물을 입혀 주세요.,달군 팬에 버터를 녹이고 샌드위치를 구워 주세요.,옆면까지 꼭 익혀 줍니다.,먹기 크기로 잘라 주세요.,끝
감자구이 오믈렛,1,이색적인 브런치 감자구이 오믈렛입니다.,양식,https://recipe1.ezmember.co.kr/cache/recipe/2015/07/16/f3945edba6389b7ea52c388a9ed5d6a8.jpg,15,2,"감자(소),2개","달걀,3개","양파,1/4개","모짜렐라치즈,조금","슬라이스치즈,1장","소금,약간","후추,약간",끝,감자는 0.2cm 정도의 두께로 통썰기 합니다.,양파는 채썰어 달구어진 팬에 기름을 두르고 볶습니다.,"달걀을 깨뜨려 그릇에 담은 다음 소금, 후추로 간을 합니다.","감자는 여러번 물에 헹군 다음 달구어진 팬에 기름을 두르고 감자를 넣고 앞, 뒤 노릇노릇하게 굽습니다.",볶아두었던 양파를 조금 넓게 골고루 편 다음 달걀물 1/3만 붓습니다.,그 다음 구워 두었던 감자를 놓고 달걀물을 마저 부은 다음 뚜껑 닫고 약불에서 천천히 익힙니다. 다 익어갈때쯤 모짜렐라치즈와 슬라이스치즈를 뿌립니다.,끝
리코타치즈 만들기,1,와이프가 치즈를 좋아해서 냉장고에 있는 우유와 레몬즙을 활용해서 만든 리코타치즈 입니다. 샐러드와 함께 드셔도 참 좋을 것 같습니다.,양식,https://recipe1.ezmember.co.kr/cache/recipe/2023/06/08/f54fda23e7dc3b87b07b376f952bc1951.jpg,20,1,"우유,500ml","레몬즙,2.5스푼","소금,0.3스푼",끝,우유를 냄비에 넣고 끓여 주세요.중불중불로 해서 끓여 주시면 됩니다.,우유가 끓으면 소금을 넣어 주세요.개인 기호에 따라 소금의 양은 가감 하시면 됩니다.,레몬즙을 넣어 주세요.,레몬즙을 넣은 뒤에는 불은 약불로 하시고 약 3분 정도 끓여 주시면 됩니다.마치 순두부와 같이 덩어리가 생기게 됩니다.,면보자기에 내용물을 부어 수분을 제거 합니다.약 1시간 정도 두시면 됩니다.기다리기 어려우시면 물기를 짜주셔도 됩니다.,수분이 제거된 치즈를 냉장고에 넣어 보관하시면 완성됩니다.,끝
매콤한 토마토 뚝배기 해장 빼쉐 파스타 만들기,1,얼마전 갔던 근사한 레스토랑에서 맛있게 먹었던 메뉴! 오랜만에 먹어서 그런지 더 신선한 느낌이 좋았고 매콤해서 다른 양식요리와 먹어도 궁합이 참 좋더라구요. 어머니께서 너무 잘 드시고 칭찬한 메뉴이기도 하구요. 그래서 오랜만에 집에서 홈메이드로 요리해봤습니다.,양식,https://recipe1.ezmember.co.kr/cache/recipe/2023/06/08/52a68fe2791f8a4a0ebcf811862f576d1.jpg,20,1,"방울토마토,20알","토마토 페이스트,2주걱","해산물,취향껏","파스타면,2인분","식용유,2T","마늘,7알","베트남고추,4개","오레가노,1/2t","양파,1/2개","알배추 또는 양배추,4~5장","쥬키니,","버섯,","브로콜리,","피망,","고추가루,2T","설탕,1/2T","굴소스,1/2T","치킨스톡,1/2T","소금,조금",끝,해산물은 손질 후 씻거나 해동 후 물을 잘 빼주시구요. 사용할 야채들을 깨끗히 씻어줍니다. 토마토부터 손질할게요. 요렇게 끝에 십자 칼집을 내어주시구요. 칼질을 할때 포트기에 물을 올려주세요.,뜨거운 물을 골고루 부어 줍니다. 30초 쯤 뒤에 갈라짐이 선명히 보이면 찬물로 한번 헹구워주세요. 그리고 껍질을 까주면 아주 잘 까집니다.,"생토마토로 만들면 시간이 걸리는데 스피드하게 만드려 2,3토막으로 잘라줬어요. 애호박과 마늘은 볶는 시간을 생각해서 도톰하게 썰었어요.",애호박과 마늘은 볶는 시간을 생각해서 도톰하게 썰었어요.다른야채들도 먹기 쉬운 크기로 썰어주세요.,물 2L에 소금 1T를 넣고 끓여 파스타를 한 5~6분 정도 삶아줍니다. 올리브오일 한번 둘러 붙는 것을 방지해주구요. 면수는 육수로 씁니다.,달아오른 웍에 마늘향을 향긋하게 잘 내주시고 베트남고추도 부셔 넣어줍니다. 오레가노도 이때 넣어주세요.,웍에는 먼저 단단한 야채와 토마토를 볶으면서 고추가루 2T를 넣어 줍니다. 한차례 볶은 다음 해산물과 여리한 야채를 넣어줍니다. 간장 1T를 테두리를 둘러 넣어주시고 골고루 한번 볶다가 면수 2국자를 넣어주세요. 육수 양을 재료에 맞게 자작하게 넣으면서 익혀주시면 더 빠르게 조리가 가능합니다.,토마토페이스트 2주걱을 떠넣어주었어요. 설탕 1/2T도 넣어서 산미밸런스를 잡아줍니다. 잘 풀어주시면서 걸쭉한 국물을 면수로 다시 농도를 맞춰줍니다. 여기에 굴소스와 치킨스톡을 각각 1/2T씩 넣어줍니다.,면을 넣어 끓여 소스가 충분하게 베이도록 해줍니다.,옆에 큼직한 낙지를 통으로 4마리 푸짐하게 넣었는데요. 한번 야들하게 살짝 데친 애들이라 마지막 마무리 쯤에 넣었어요. 마무리로 간마늘 1T도 생생한 맵칼함으로 업그레이드해줍니다. 저는 살짝 걸쭉한 정도로 맞추니 간도 딱 좋더라구요. 혹시 더 간을 맞추시고 싶다면 소금간으로 마무리 완성 해주세요.,1인분 덜어서 작은 뚝배기에 소담하게 담아보았습니다. 면을 아래에 잘 깔고 육수를 자작하게 넣어준 뒤 잘 익은 해산물을 위에 먹음직스럽게 얹어주었습니다. 고명으로 잔파를 살짝 올려주니 색감 포인트가 되네요.,끝
노오븐 홈메이드 간식 '생딸기오믈렛'초간단 레시피,1,한때 생딸기 오믈렛이 정말 인기가 많았는데요. 오늘은 핫케이크 가루를 활용해 No오븐 홈메이드 꿀맛 디저트'생딸기 오믈렛'을 만들어 봤습니다.,양식,https://recipe1.ezmember.co.kr/cache/recipe/2019/01/18/a9e6e8260a10232364aecfd35f560c561.jpg,15,1,"핫케이크가루,1컵(종이컵)","달걀,1개","우유,적당히","딸기,적당히","생크림,적당히","슈가파우더,적당히",끝,먼저 딸기는 꼭지를 제거하고 깨끗이 세척해 반으로 잘라 놓습니다.,핫케이크 가루에 계란과 우유를 넣어 얅간 묽게 반죽해줍니다.우유는 처음부터 많이 넣지 마시고 반죽 농도를 보시면서 조절해주세요.,달궈진 팬에 기름을 최소화해서 두르시고 반죽을 한 국자씩 떠서 올려줍니다.급하게 뒤집지 마시고 기포가 뽀글뽀글 생기면 그때 조심히 뒤집어 주셔요.,핫케이크가 뜨거울때 모양을 살짝 구부려 줍니다.식은 후 하려고 하면 핫케이크가 부서지니 주의하셔요.,생크림을 위생봉투에 넣고 끝 부분을 살짝 구멍을 내주신뒤 핫케이크 가운데 가득 짜 줍니다.그 다음 생크림 위에딸기를 2개정도 올려 줍니다. 그위에 슈가 파우더를 솔솔 뿌려주시면...,핫케이크 가루로 오븐없이 만들어본 홈메이드 생딸기 오믈렛이 완성되었습니다.,슈가파우더는 그냥 일반 흰설탕을 믹서기에 곱게 갈아주신뒤 체에 받쳐 흩날리듯 뿌려주심 됩니다.,"한입 먹어보니 오!!!입안가득 퍼지는달콤하고 부드러운 생크림에 상큼한 딸기, 핫케이크의 조합이라진짜 말이 필요없는 꿀맛이더라구요!!!",끝
일식집st콘치즈 초간단 레시피!고소함 폭발!홈파티 맥주안주로 강추,1,일식집 가면 항상 리필해 먹게 되는 것 중 하나가 콘치즈인데요. 고소하면서 입에서 톡톡 터지는 식감이 참 좋지요. 간단한 맥주안주로 추천드립니다^0^,일식,https://recipe1.ezmember.co.kr/cache/recipe/2018/12/13/4e566cd552398823e631f347f2f7da031.png,10,1,"캔옥수수,1캔","버터,1T(크게)","설탕,1/2T","마요네즈,취향것","피자치즈,취향것","파슬리가루,톡톡",끝,먼저 달궈진 팬에 버터 크게 1스푼 녹여서 물기를 제거한 캔옥수수를 넣고 달달달 잘 볶아 주세요,옥수수가 어느정도 익으면 설탕1/2스푼과 마요네즈를 취향것 넣고 잘 섞어 줍니다.단것 싫으시면 설탕 빼셔도 되요,그 위에 모짜렐라 치즈 취향것 뿌리시고 파슬리가루 톡톡 뿌려주신뒤 뚜껑을 닫고 약불에서 치즈를 녹여주시면 끝,일식집st. 콘치즈가 완성되었어요.한입 먹어보니 고소한 마요네즈와 고소한 치즈가 만나 정말 넘넘 맛있어요. 톡톡 씹히는 옥수수의 식감도 참 좋아요. 간식으로도 맛있고 맥주안주로도고 굿이랍니다!,끝
[자취요리] 탱글탱글 일식 계란말이 만들기,1,오늘은 일식 계란말이를 만들어봤어요! 한식 계란말이와는 다르게 야채가 들어가지 않고  푸딩스러운 식감과 달달한 맛이 특징이죠 :) 저는 물을 사용했지만 다시마육수나  가쓰오부시육수 쓰시면 더 맛있습니다,일식,https://recipe1.ezmember.co.kr/cache/recipe/2016/04/28/69dece4f182525ba5019d3d6bf25d9af1.jpg,30,1,"계란,6개","설탕,1.5T","소금,1/2T","맛술,1T","물(or다시물),4T",끝,재료를 준비합니다. 물은 다시 육수나 가쓰오부시 육수를 사용하면 더 맛있습니다. 맛술은 생략해도 됩니다.,계란 6개를 깨서 볼에 모아둡니다.,"준비한 설탕1.5T, 소금1/2T, 맛술1T, 물4T(또는 다시물)을 넣어줍니다.",골고루 섞이도록 휘휘 저어줍니다.,섞은 계란물은 체에 걸러 알끈 등을 제거해 줍니다.,네모난 후라이팬을 준비하시고 키친타올에 기름을 묻혀서 발라주세요.,"불은 약불로 맞춰주시고, 계란 물은 후라이팬이 꽉 차도록 부어주세요.",계란이 익어갈 때 조금씩 접어줍니다.,접은 계란말이를 위로 밀고 아래에 남은 계란물을 후라이팬에 채워줍니다.,8과 같은 형식으로 접어줍니다.,계란 물을 다 쓰고 말이를 완성하면 후라이팬의 변두리를 이용해 계란말이를 옆으로 몰아 각을 만들어 줍니다.,생략가능하지만 더 각진 계란말이를 만들기 위해선 김밥말이에 각지게 말아 그 위에 무거운 것을 올려주신 후 드셔도 됩니다.,끝
[간단 자취요리] [간단 자취요리] 푸딩푸딩~한 일식 계란찜 만들기 ,1,"안녕하세요 여러분! 오늘은 남녀노소 누구나 좋아하는 푸딩푸딩~한 일식 계란찜이에요 한식 계란찜보다 약간은 손이 더 가지만 그만큼 너무 부드럽고 입에서 살살 녹아요 :) 저는 저날 찍기시작했는데 랩이 없는걸 깨닫고.... 랩없이 했지만 더 곱게 하시려면, 랩이나 호일을 꼭 덮어주세요! 안해도 뭐 크게 상관은 없지만 좀 더 거칠게 나와요 그리고 일식 계란찜의 가장 중요한 포인트는 불조절이에요 센불로 해놓고 물이 끓으려고 하면 바로 약불로 낮추셔서 일반 약불보다 조금 더 약불에서 쪄주셔야 해요 ! (불이세면 기포가 생기고 표면이 거칠어져요) 그릇에 따라 찌는 시간이 다른데 저는 15분정도 쪄줬어요 익은지 확인하시려면 가운데를 젓가락으로 찔렀다가 뺐을때, 젓가락에 아무것도 묻어나오지 않으면 ok",일식,https://recipe1.ezmember.co.kr/cache/recipe/2016/08/08/ded795a5bf1687fe370f7c5f58c064b61.jpg,60,2,"계란,3개","물,250~300ml","다시마,","설탕,1/3T","소금,1/4T","맛술,1T",끝,"재료를 준비합니다.[재료] 계란 3개, 물 250~300ml, 다시마[부재료] 설탕 1/3T, 소금 1/4T, 맛술 1T",먼저 15~20분간 찬물에 다시마를 담아둡니다.,"계란 3개를 풀어서 소금, 설탕, 맛술을 넣어줍니다.[부재료] 설탕 1/3T, 소금 1/4T, 맛술 1T",섞어줍니다.,다시마 우린물을 넣어줍니다.,다시 섞은 뒤 체에 걸러서 알끈과 뭉친것들을 제거해줍니다.,살짝 떠있는 거품을 키친타올로 걷어줍니다. 생략해도 좋지만 하면 완성작이 더 매끈하게 나옵니다.,물을 넣고 키친타올을 깔아줍니다.(끓을때 그릇 이동 방지),"그릇에 랩, 호일을 꼭 씌우고 넣어주세요",뚜껑을 덮고 최 약불에 10~15분간 끓여주면 끝!,파등을 썰어올려주고 마무리하세요!,끝
일식 튀김처럼 바삭한 두릅튀김 만드는법,1,봄비가 하루 종일 내리나 봐요. 비가 오는 날은 기름 냄새 풍기는 고소한 음식이 어울리죠. 두릅 한팩을 사서 두릅 무침도 해먹고 두릅 숙회도 해먹고 남은 두릅은 오늘 날씨에 맞게 두릅튀김을 만들었어요. 쌉싸레하고 건강한 맛이 나는 두릅이 튀김옷을 입고 바삭하고 고소한 두릅튀김이 되었어요. 일식집에서 나오는 튀김처럼 바삭한 튀김을 만들려면 튀김옷이 가벼워야 해요. 튀김옷 반죽에 얼음을 넣고 찬물로 반죽하고 맥주를 넣는 것도 방법이구요. 재료에 녹말을 미리 한번 뿌려 주면 수분도 제거하고 바삭함을 더하게 돼요. ​,일식,https://recipe1.ezmember.co.kr/cache/recipe/2023/04/18/55ce409fa5899e3d550860351499c37f1.jpg,20,3,"두릅,5포기","옥수수전분,2스푼","튀김 오일,200ml","튀김가루,2스푼","옥수수전분,1스푼","얼음,6조각","찬물,1/3컵","맥주,2스푼",끝,두릅의 나뭇가지같은 부분을 잘라내고 둥근 모양의 밑잎도 잘라내 주세요.,두릅 잎을 하나씩 떼어 물에 씻어 체에 받쳐 물기를 빼주세요.,키친 타올로 남은 물기를 제거해 주세요.,비닐 봉투에 두릅을 넣고 옥수수 녹말을 넣고 흔들어 섞어 주세요.,튀김옷 반죽 재료를 넣고 손으로 집어 올리듯이 꼬집듯이 반죽을 섞어 주세요. 휘저으면 글루텐이 형성되어 바삭함이 덜해질수 있어요.,달군 프라이팬에 오일을 넣고 달궈 주세요.,두릅을 튀김옷에 살짝 묻혀 한번 털어내고 튀겨 주세요.,앞 뒤 노릇 노릇 튀겨 주세요.,키친 타올 깔아 놓은 접시에 건져 남은 기름을 빼주세요.,끝
일식 샐러드 드레싱을 뿌린 양배추샐러드♥,1,일식 돈가스 옆 바로 그 샐러드! 달달짭조롬 드레싱 비법!대.공.개★두둔 세상의 모든 레시피 만개의레시피,일식,https://recipe1.ezmember.co.kr/cache/recipe/2017/02/17/7ab7b48f99377a5a9b3c4ef6b1aa41551.png,10,1,"양배추,150g","양파,20g","당근,10g","사과,40g","간장,3T","식초,2T","레몬즙,2T","설탕,1T","참기름,1/2T","소금,약간","후추,약간",끝,양배추는 얇게 채 썰어 얼음 물에 담가 놓는다.양배추 150g,"소스 재료를 믹서기에 넣어 갈아 완성한다.양파 20g , 당근 10g , 사과 40g , 간장 3T , 식초 2T , 레몬즙 2T , 설탕 1T , 참기름 1/2T , 소금 약간 , 후추 약간믹서기레몬즙이 없을 때 동량의 식초를 넣는다.",양배추를 건져 물기를 빼고 소스를 뿌려 완성한다.,끝
일식 도미 조림 만드는 법,1,주문진 수산 시장에서 커다란 도미 한마리와 커다란 우럭 한마리를 한꺼번에 사 왔어요. 가격도 착하고 너무 싱싱해요! 커다란 도미 한마리를 일본 간장(스끼야끼간장) 을 넣고 무 크게 썰어 넣고 조림을 했어요. 다행히 시장에서 깨끗하게 내장 빼고 비늘 긁어내고 손질해 주셔서 요리가 편했어요. 수미네반찬 도미조림을 활용해 내맘대로 만들어 봤어요. 양념간장 넣고 오래 끓이며 조림을 만들었어요. 손님 접대 요리로 내놓아도 손색 없을 정도로 푸짐하고 정성이 보여서 좋아요. 맛은 알만한 사람은 다 아는 일식 도미조림 맛이죠~ 양념이 짜지도 약하지도 않게 잘 스며 들었고 무가 양념을 머금고 그냥 녹아 없어질 정도로 부드럽고 달큰해서 먹다가 무를 더 넣을 걸 후회했어요.,일식,https://recipe1.ezmember.co.kr/cache/recipe/2023/04/15/9f1cb38e0a22d959b84996fe2bb61b341.jpg,60,3,"도미,1마리","무 7cm,1토막","물,500ml","스끼야끼간장,100ml","저염 맛간장,50ml","양조간장,20ml","설탕,3스푼","매실청,2스푼","맛술,3스푼","후추,약간","마늘,7톨","다시마,3조각","건표고버섯,5조각","생강,1톨","대파,1토막","청양고추,4개","파채,약간","파프리카,약간",끝,"물과 간장, 설탕,다시마, 무를 넣고 끓여 주세요.",도미를 씻어 물기를 빼주세요.,소스가 끓으면 다시마를 건져내고 도미와 모든 재료를 넣어 주세요.,뚜껑을 덮고 중불에서 30분 정도 끓여 주세요. 중간 중간 양념 간장을 도미위에 끼얹어 주세요. 도미가 커서 꼬리가 잘렸어요. 나중에 합체^^,"뭉근하게 조려 익힌 도미를 그릇에 옮겨 담아요. 도미 등 칼집에 빨간 파프리카 ,노란 파프리카, 파채를 곱게 썰어 끼워주세요. 다행히 잘린 꼬리를 파채가 감쪽같이 감춰줬네요.",끝
일식새우튀김 만드는 법,1,작은딸이 새우튀김 타령을 해서 아빠가 새우를 사왔어요!  이왕이면 그냥 새우튀김으로 사오지! 라는 푸념을 늘어놓고선 또다시 주방으로 가고있는 저!  중식새우튀김도 맛있지만 일식새우튀김을 해줘보자라고 생각해서 만들어 봤어요.  만드는 법은 생각보다 간단하지만 기술을 요하는!  좀 중식새우튀김하곤 약간 틀려요.  중식은 녹말과 달걀로 하는반면에 일식은 튀김가루와 밀가루 달걀로 하거든요!  그럼 만들어 볼께요.,일식,https://recipe1.ezmember.co.kr/cache/recipe/2017/03/28/8c11b16f096ea3ed35f57480da7f68d51.jpg,30,3,"새우,5마리","달걀,1개","차가운물,1컵","밀가루,3Ts","튀김가루,3Ts","튀김기름,적당량",끝,먼저 새우는 머리를 떼어내고 껍질을 꼬리만 살리고 벗겨냅니다.이때 새우는 소금물에 해동시키셔야 좋아요.,등쪽에 이쑤시개를 넣어 내장을 꺼내줍니다.,그리고 꼬리쪽에 물총은 제거해주셔야 튀길때 안 튀어요.,배쪽에 잔칼집을 세네번 넣어서 마디를 펴줍니다. 그래야 튀길때 구부러지지 않아요.,여기에 밀가루를 살짝 입혀주세요.이제 차가운얼음물한컵에 달걀을 풀어서 섞어주고 그 다음에 밀가루와 튀김가루를 반씩 섞어서 넣어줍니다.,전 순서가 살짝 바뀌었어요. 이왕이면 물-달걀-밀가루순으로 넣어주세요.그래야 농도를 잘 맞출수 있어요.,이때 반죽은 묽게 해주세요. 섞어가면서 묽은농도(핫케이크반죽농도)로 해주시면 좋아요.반죽을 할때 너무 휘저으시면 글루텐이 형성되서 안좋으니 살짝만 섞어주세요.전 약간 되서 약간 두껍게 입혀졌네요!,이제 튀김기름을 온도 160도로 맞춰서 튀김옷을 입혀서 가장자리부터 흘려들어가게 밀어넣어주세요.,이제 바삭하게 튀겨내면 완성이에요. 이때 남은 반죽을 손끝으로 튕겨서 퍼지게 만들어주세요.,그럼 일식새우튀김의 특유의 모양이 나온답니다.,끝
간단히 즐기는 일식 ~ 소고기덮밥(규동),1,"맛이 순하고 부드러운 소고기덮밥, 규동 레시피!",일식,https://recipe1.ezmember.co.kr/cache/recipe/2015/03/26/2d52ff296629e24bff47d48127cc3c011.jpg,30,2,"소고기,300g","양파 큰 거,1개","쪽파,8뿌리","팽이버섯,1봉","달걀,4개","김,1장","다시마 손바닥만한 거,2장","가쓰오부시,2줌","다시물,4컵","간장,5T","청주,4T","설탕,3T","소금,1t",끝,원래는 소고기 등심을 이용해야 하는데 소고기 불고기감을 이용했어요. 키친타월로 핏물 제거한 소고기는 한 입 크기로 적당히 등분해 주시고 양파는 가늘게 채 썰고 쪽파와 팽이버섯은 4~5cm길이로 잘라주세요.,위의 재료를 준비하시는 동안 육수를 만들어요. 다시마를 찬물에 넣어 끓으면 불을 끄고 가쓰오부시를 넣어 5~10분 우려낸 후 고운 체에 육수를 걸러 주세요.,"육수 4컵에 간장, 청주(또는 미림), 설탕, 소금을 넣어 끓여 주세요. 청주대신 미림 사용시엔 설탕의 양을 줄여 주세요. 원래 일식 덮밥은 1인분 육수가 1/2~2/3컵으로 소량 사용해요. 저는 식구들 식성에 맞게 1컵을 잡았으니 취향에 맞게 육수나 설탕의 양은 조절하시면 됩니다.",덮밥다시가 끓으면 소고기를 넣고 끓여주세요. 끓으면서 생기는 거품은 제거해 주신 다음 양파를 넣어 익혀주세요.,쪽파와 팽이버섯을 넣어 끓어 오르면 불을 줄이고 달걀을 풀어 동그랗게 원을 그리며 위에 부어 주세요.,이 때 절대로 달걀을 저어 주시면 안돼요. 뚜껑을 덮어 달걀을 반숙상태로 익혀주셔야 부드러워 맛나요.,커다란 그릇에 밥을 담고 밥을 덮을 정도로 올려 주신 후 채썬 구운김과 송송 썬 쪽파 얹어 주시면 간단히 즐길 수 있는 소고기덮밥 완성!,끝
일식 스타일의 고구마 튀김,1,"안녕하세요? 밥심은 국력입니다. 고구마는 베타카로틴과 비타민 C 등이 들어 있어서 대표적인 알칼리성 식품이며, 특히 폐암을 잘 예방하는 삼대 적황색 채소로 뽑혔답니다. 요즘은 고구마 종류도 다양하여 밤고구마, 호박고구마, 자색 고구마, 주황색이 나는 고구마 등이 나오고 있습니다. 한방에서는 비장과 위를 튼튼하게 하고 혈액을 편안하게 하며 따뜻하게 하는 효능이 있어 오장을 튼튼하게 해준답니다. 섬유질이 많이 배변을 좋게 하며 다이어트에도 좋은 식재료랍니다. 그러나 주성분이 당분이기에 비만증, 고혈압, 당뇨병, 심장질환을 앓는 사람은 피하는 것이 좋습니다. 오늘은 튀김옷이 얇은 일식스타일의 고구마 튀김을 만들어 보겠습니다. 그럼 보시죠",일식,https://recipe1.ezmember.co.kr/cache/recipe/2016/10/27/1c282a3e9ba1f4b93d7cfcbe51595ce31.jpg,30,1,"호박고구마 큰 것,2개","날 튀김가루,2/3컵","튀김용 기름,900ml","튀김가루,1컵","물,2/3컵","각 얼음,4~5개","가쓰오부시 우린 물,4큰술","간장,1큰술","설탕,1큰술",끝,껍질째 사용할 것이므로 찬물에 식초 2큰술을 넣고 꼼꼼히 세척해주었습니다. 호박 고구마가 싱싱해서 하얀 진이 나오는 게 보이네요.,호박 고구마는 2-3mm 두께로 얇게 통썰기합니다. 이 때 고구마 모양을 예쁘게 하기 위해 비스듬히 썰어주었습니다. 일자로 썰면 동글동글하면서 크기가 작기 때문이지요.,튀김옷은 튀김가루와 물과 얼음을 합쳐서 1:1입니다.,물이 차가울수록 튀김옷이 바삭하구요. 많이 젓지 않아야 바삭하므로 재료가 엉길 정도만 저어주면 됩니다. 반죽은 주르룩 흐를 정도로 농도가 묽어야 튀김옷이 얇답니다. 파슬리가 가루가 들어있는 튀김옷을 사용했습니다.,"고구마에도 날튀김가루를 묻혀주는데 비닐봉지에 날튀김가루와 고구마를 넣고 입으로 봉지를 불어서 공기를 넣어줍니다. 이 상태에서 양손으로 흔들어주면 골고루, 그리고 빨리 튀김옷이 묻혀집니다.",날튀김가루는 꺼내서 한번 더 가루를 털어주고요.,앞뒤로 튀김옷을 묻혀줍니다.,볼 가장자리에서 반죽옷을 한번 더 털어주는 게 모양이 예쁘게 튀겨지지요.,기름 온도는 튀김옷을 뿌려 보아서 가라앉았다 바로 떠오르면 알맞은 온도입니다.,노릇하게 튀겨주면 되는데요. 고구마끼리 살짝 붙으면 바로 떼어내지 말고 어느 정도 익은 후에 툭툭 치면 잘 떨어집니다.,튀김옷이 얇아서 정말 바삭하답니다. 일식 스타일의 고구마 튀김이 완성되었습니다.,끝
쯔유 만들기 일식 만능간장 레시피 (백종원 쯔유소스),1,"즘은 시판용 쯔유도 잘 나와있고,   집에서 만드는것보다 훨씬 맛이 좋은 제품들도 많이 있어, 간편하게 시판용으로 즐기셔도 좋은데, 전 많이 먹는편이라 만들기에 도전해보고는 그리 어렵지 않아서 만들어 소바나 샤브샤브 육수 만들때 물과 희석해 요리하면 좋아요.",일식,https://recipe1.ezmember.co.kr/cache/recipe/2019/05/14/0db8352c69da89210f6856d3d2faf3d71.jpg,90,1,"간장,2컵","설탕,1.5컵","물,3컵","양파,1개","대파,1뿌리","표고버섯,2개","멸치,1웅큼","다시마(5*5cm),4장","가쓰오부시,1줌",끝,"준비한 쯔유소스는 물과 적당한 비율로 희석해서 요리해 드시면 되는데요.양은 많지가 않은데 이렇게 만들어 두면 소바 먹고 싶을때, 언제든지..그리고 냉우동이 일식요리에넣어주면 감칠맛이 더해져 더 맛있는 요리를 만들 수 있는 일식 만능간장이기도 합니다.",탔다 싶을 정도로 구워줘야 한다고 해서 심하게 태워...태워~석쇠 위에서 구워지는.. 양파와 대파 타는 냄새가 솔솔후드 켜고 창문도 좀 열어두고 구워주세요.,"냄비에 간장2컵, 설탕1.5컵, 물3컵을 준비합니다.",조림장 비율은 간장의 맛에 따라 조금 가감해주셔도 된답니다.마른 표고가 있어서 2개 넣어주고~구운 양파와 대파도 넣어줬어요.( 전 표고가 잘라진것밖에 없어 요걸로 대체했어요,여기에 멸치 똥을 빼서 한웅큼 넣어주고 다시마도 5*5cm 정도 4장 넣어줬어요,"20분 정도 끓여주면 적당한데요.함께 넣어준 멸치와 채소에서 적당히 우러나는 시간이 필요하니, 20분만 끓여주니 딱이네요",여기에 가쓰오부시를 넣고 바로 불을 꺼주면 됩니다.,불을 끈 상태에서 한김 식혀주면 됩니다.,식힌 쯔유를 체에 걸려주는데요.걸려진 쯔유는 소독한 유리병에 넣어서 냉장 보관해닸다 사용하시면 됩니다.,끝
중식의 대가 이연복 쉐프 깐풍만두 초간단 레시피,1,오늘은 만들기 쉽지만 정말 맛있는 이연복쉐프님의 깐풍만두 레시피를 소개해드릴께요. 야식으로 강추 드립니다,중식,https://recipe1.ezmember.co.kr/cache/recipe/2018/12/18/a144910bd4279905bdd20e40ae7ef3e11.jpg,15,1,"만두,10개","대파,1대","쥐똥고추(or청양고추),기호에맞게","다진마늘,1T","간장,1T","설탕,1T","식초,2T","물엿,1/2T","후추,톡톡",끝,먼저 야채를 잘게 썰어 주시는데요. 이연복 쉐프님은 쥐똥고추를 말씀하셨는데 저는 없어서 매운 청양홍고추를 사용했습니다,후추를 제외한 양념은 미리 한곳에 섞어 줍니다,달궈진 팬에 기름 약간 두르고 만두를 약불에서 노릇하게 구워 주세요,"만두가 다 구워지면 한쪽에 밀어두고 다른 한켠에서 대파,다진마늘,매운홍고추를 넣고 볶다가 만두와 섞어 줍니다",준비해둔 양념에 후추약간과 물 3-4스푼을 넣어주고 재빨리 저어 살짝 졸여주면 끝!,야식으로 추천드리고 싶은 이연복쉐프님 깐풍만두 완성입니다,"한입 먹어보니 고추의 매콤한 맛, 식초의 새콤한 맛, 설탕의 달달한 맛이 한데 어우려져 정말 맛있어요.맥주드시는 분들께는 간단한 술안주로도 좋을듯 합니다",끝
[No.1 감자새우덮밥] 고급스러운 중식덮밥,1,"이 레시피는 집에서 한그릇 뚝딱! 쉽게 만들 수 있는 일명 ""한그릇 요리""에요. 만드는 방법도 간단하고 조리시간도 짧지만 그 맛은 기대이상이지요! 굴소스가 들어가 깊은 맛을 내주면서 감자의 부드러움, 새우의 탱글탱글한 식감까지 - 손님용 요리로도 손색이 없을만큼 고급스러운 맛을 내주는 <감자 새우 덮밥>입니다 :)",중식,https://recipe1.ezmember.co.kr/cache/recipe/2016/01/08/c2b4d2a0e6543e8cd9c120cbcabed00d1.jpg,15,2,"칵테일새우,5개","감자,2개","고추, 3개",끝,새우를 넣고 볶다가 감자가 반쯤 익을떄까지 더 볶아줍니다.,"분량만큼의 양념장을 준비합니다.◆ 양념장 ◆굴소스 0.5숟갈, 간장 1숟갈, 다진마늘 0.3숟갈, 청주3숟갈, 물5숟갈, 들기름1숟갈, 후추 약간, 설랑(올리고당)조금","새우, 감자를 볶던 팬에 양념장을 넣어줍니다. 그리고 녹말물을 부어 졸이듯이 조금 더 조리합니다.",감자가 말랑말랑한 식감으로 휘어질 정도로 익으면 완성입니다. 흰 밥과 함께 내어 한그릇 요리로 대접합니다 :),끝
집들이 메뉴로 좋은 중식요리~ 닭가슴살 깐풍기,1,오늘은 집들이 메뉴에 좋은 중식요리 ~ 닭가슴살 깐풍기 소개하겠습니다 *^^*,중식,https://recipe1.ezmember.co.kr/cache/recipe/2015/04/15/4da47bd9748c7ebeafcff7097dd5b6f91.jpg,15,3,"닭가슴살,3조각","양파,1/3개","대파,1/2개","청양고추,3개","마른홍고추,2개","식용유,","녹말가루,5~6T","달걀흰자,1개","다진마늘,","소금,","참기름,","후추가루,약간","간장,","맛술,","굴소스,","식초,","설탕,","올리고당,",끝,닭가슴살 3조각은 먹기 좋게 깍두기 모양으로 썰어준후 볼에 담아 다진마늘 1/2T. 고운소금 1/2T. 참기름 2/3T. 후추가루 소량를 넣어 조물조물한후 30분~1시간 재웁니다.닭가슴살에 밑간을 하셔야 싱겁지 않습니다.,깐풍기소스 만들때 사용할 채소들 준비합니다. 양파1/3개는 총총 다져줍니다. 대파1/2개. 청양고추3개도 잘게 다져줍니다.마른홍고추는 가위로 작게 잘라줍니다.,1번에서 재운 닭가슴살에 녹말가루 5~6T. 달걀흰자 1개를 넣은후 잘 버무려 줍니다. 녹말가루를 물에 불린 물녹말가루를 사용하셔도 좋습니다.,튀김팬에 식용유를 두르고 중불에서 달아오르면 중약불로 줄인후 닭가슴살을 넣어 튀겨줍니다. 노릇하게 튀겨준후 한김 식혀주고 센불로 켠후 다시 한번 살짝 튀겨줍니다.닭가슴살을 바삭하게 튀겨주셔야 식감이 좋습니다.,프라이팬에 식용유 1T반을 넣고 다진마늘 1/2T를 넣어 중불에서 달달 볶다가 마늘향이 나기 시작하면 준비한 양파. 다진파. 청양고추. 마른홍고추를 넣어 볶아줍니다.중불에서 양파가 80%익을때까지 볶아줍니다.양파가 어느정도 익으면 가스불을 끄고물 3T. 간장 2T. 맛술 2T. 굴소스 1T. 식초 2T. 설탕 1T. 올리고당 2T를 넣은후 중불로 켜줍니다.중불에서 1분정도 바글바글 소스가 끓으면 튀겨 놓은 닭가슴살을 넣고 버무려주면 완성입니다.볶을때 식용유 대신 고추기름을 사용하시면 매콤해서 좋습니다.단맛이 싫을때는 올리고당 양을 조금 줄이세요.,닭가슴살로 만들어도 좋지만 닭다리살만 구입해서 만드셔도 좋답니다.손님상에 올리실때 미리 한번 튀겨 놓은후 손님들 오시기 바로전에 한번 바삭하게 튀겨서 소스에 버무리면 좋답니다.청양고추를 넣어서 은근히 매콤한맛이 느끼함을 잡아주고요.식초가 깔끔한 맛을 줍니다.,끝
바지락에 넣고 볶으면 고급 중식으로 변합니다.,1,바지락에 라오간마 소스를 넣고 볶으면 고급스러운 맛을 느낄 수 있습니다.,중식,https://recipe1.ezmember.co.kr/cache/recipe/2023/04/12/9dce1ff00e77f65db2cdb2604ac9a0b51.jpg,20,1,"바지락,400g","대파,1/2대","건고추,2개","고추기름,3숟가락","다진 마늘,1숟가락","맛술,1숟가락","라오간마소스,0.5숟가락","굴소스,1숟가락","간장,0.5숟가락","설탕,0.5숟가락","후춧가루,0.5작은 숟가락","물,500ml","소금,15g",끝,바지락은 깨끗한 물에 1~2회 씻는다.,"볼에 물, 소금을 넣고 소금물을 만든다.",소금물에 바지락을 넣고 3시간 정도 해감한다.,대파는 송송 썬다.,건고추는 대충 자른다.,해감한 바지락은 씻어 준다.,씻은 바지락은 물기를 제거한다.,"팬에 고추기름, 대파, 다진 마늘, 건고추를 넣고 센 불로 볶는다.","야채의 향이 나면 바지락, 맛술, 라오간마 소스, 굴소스, 간장, 설탕, 후춧가루를 넣고 센 불로 볶는다.",바지락이 입을 벌릴 때까지 볶는다.,끝
"미국식 중식 사이드메뉴, 초간단 브로콜리 볶음 ",1,"미국식 중식에서 거의 빠지지 않는 사이드 메뉴 중에 하나죠, 늘 한식(한식 브로콜리 무침  @6863610 )이나 스프로 만들어 먹다가 요즘 중식에 꽂혀서 이렇게도 먹어봤어요. 너무 간단해서 레시피라고 하기도 민망한 중식 브로콜리 볶음입니다.",중식,https://recipe1.ezmember.co.kr/cache/recipe/2018/02/25/63852a996b069749306699a7edd9065c1.jpg,10,2,"브로콜리,2송이","간마늘,1T","간장,1T","흑설탕,1/4t","참기름,1t",끝,"브로콜리를 다듬어 Floret부분만 남기고(줄기는 넣어뒀다가 브로콜리 soup만들어 먹어요)베이킹소다를 푼 물에 씻은 다음,끓는 물에 소금을 넣고씻은 브로콜리를 약 3분간 데쳐줍니다.","체반에 건져내놓고나서볶음에 필요한 양념재료들(간마늘, 간장, 흑설탕, 참기름)을 준비해놓습니다.미리 준비하고 시작해야 안 태우고 휘리릭 빨리 볶을 수 있어요.",후라이팬에 식용유 2T가량 뿌려주시고 간마늘 1T 넣은 다음 불을 세게 올립니다.센불,마늘이 노릇해지려고 하면,"바로 준비해 두었던 간장, 흑설탕, 참기름을 얼른 넣고 십여초 볶으며 간장과 설탕을 눌려줍니다.",타기전에 얼른 데쳐두었던 브로콜리를 넣어 양념과 재빨리 섞은 다음,브로콜리에 양념이 잘 묻었다 싶으면 바로 불 꺼주세요.,너무 쉽죠?,끝
매콤달콤 두부요리 :: 두부 깐풍기 / 집에서 즐기는 중식요리,1,"안녕하세요~ 시윤입니당 '0' 오늘은 어렵지 않게 만드는 별미! 두부 깐풍기 레시피를 가지고 왔어요 ~ 흔한 재료 두부의 변신! 두부깐풍기, 시작해볼게요 ❛ ڡ ❛",중식,https://recipe1.ezmember.co.kr/cache/recipe/2018/09/29/e0b56cd5bc7abf0144091cceaa75add61.jpg,60,2,"두부,300g","대파,1/2대","청고추,1개","홍고추,1/2개","녹말가루,5","고추기름,5","다진 마늘,1","굴 소스,2","간장,1","설탕,2","식초,2","청주,1","물,3",끝,두부는 먹기 좋은 큐브 모양으로 썬 뒤물기를 제거해 주세요.,"대파와 홍, 청고추는 잘게 다져 준비합니다.고추가 없다면 피망이나 파프리카를 사용해도 좋아요 !!",물기를 제거한 두부는 위생팩에 담아 녹말 5스푼을 넣고 흔들어 녹말가루를 골고루 묻혀주세요.,팬에 기름을 넉넉히 두르고 녹말가루를 묻힌 두부를 구워 기름을 제거해줍니다. 노릇노릇 바삭바삭하게 구워주세요 ❛ ڡ ❛,"소스도 만들어 주세요.굴 소스 2, 간장 1, 설탕 2, 식초 2, 청주 1, 물 3입맛에 맞게 굴소스의 양을 조절 해 주시면 더 좋을 듯 해요! ","팬에 고추기름 5스푼, 다진 마늘 1스푼을 넣어 마늘향이 나도록 달달 볶아줍니다.",마늘향이 솔솔 올라오면 미리 준비해둔 야채를 넣고 한 번 더 볶아주세요.,야채들을 볶은 뒤 소스를 넣어 바글바글 끓여주세요.,소스가 끓어오른 뒤 구운 두부를 넣고 양념이 잘 베이도록 뒤적거려가며 졸이듯 볶아주세요!,매콤 달콤한 두부 깐풍기 완성 ٩(ˊᗜˋ*)و,끝
깐풍가지~가지요리 더 맛있게(중식)튀김옷을 입은 가지볶음,1,입맛없는 남편~술안주로 만들었어요  제철 식재료가 최고!!!,중식,https://recipe1.ezmember.co.kr/cache/recipe/2018/08/07/97a680d58e364fe1ba44585da367c1471.jpg,30,3,"가지,4개","양파,1/2개","당근,1/4개","청양고추,2개","홍고추,2개","튀김가루,1밥그릇","밀가루,적당량","맛간장,4스푼","식초,4스푼","다진마늘,1.5스푼","설탕,2스푼","올리고당,2스푼","맛술,1스푼","두반장,0.5스푼","고추기름,1스푼","물,3스푼","식용유,적당량",끝,"가지4개(중),청량고추2개,홍고추2개,당근 1/4개,양파1/2개를 준비합니다",가지4개를 삼각썰기 해주세요 각이지게 썰어야 식감이 더좋아요,"소금,후추로 밑간을 해주세요",준비한 야채를 잘게 다져서 미리 준비해요 매운걸 싫어하시면 청양고추대신 파프리카를 쓰시면 좋아요,양념장을 미리 만들어주세요 (두반장 생략가능),비닐팩에 밀가루와 가지를 넣고 마구 흔들어 밀가루옷을 골고루 입혀주세요,볼에 튀김가루 밥그릇1 그리고 물과 얼음을 넣고 개어주세요 농도는 묽게합니다*얼음이나 맥주를 조금 넣으면 튀김이 더 바삭해요,튀김옷을 골고루 입혀주세요,적당량의 기름을 180도 온도에 가지를 넣고 튀겨주세요,노릇노릇하게 색이 변하면건져냅니다,볶음팬에 고추기름1스푼을 두르고 다져둔 야채들을 살짝볶아주세요,준비한 양념장을 넣고 살짝 끓여주세요,튀겨둔 가지를 넣고 골고루 섞어 볶아주면 완성입니다,끝
입맛 돋우는 중식요리 오징어 청경채볶음 레시피,1,똑같은 식재료를 사용하더라도 어떤 양념을 사용하느냐에 따라 전혀 다른 음식이 탄생하는 것을 종종 경험합니다. 그 특유의 풍미나 식감 때문에 음식 전체의 맛의 분위기를 바꾸어 주기 때문인데요. 중식요리를 자주 드셔보셨다면 아시겠지만 소스에 전분물을 풀어 되직하게 만들어 완성하는 요리가 참 많은 것 같습니다. 양념이 더 잘 묻기도하고 전체적으로 윤기를 더해주어 훨씬 먹음직스러워 보이는 효과가 있는 것 같아요.  ​오늘은 정말 간단하지만 맛있는 별미 메뉴로 손색없는 오징어 청경채 볶음을 만들어볼까합니다. 아삭함 살아있는 청경채 식감이 은근히 입맛 돋우는 별미더라고요. 간단한 청경채요리 지금부터 함께 시작 해 볼까요?,중식,https://recipe1.ezmember.co.kr/cache/recipe/2019/02/12/bddbcdfca6802b0da7ade745141808921.jpg,20,1,"청경채,300g( 약 두 포기 )","냉동 솔방울 오징어,150g","청양고추,1개","참기름,1/2T","깨,1/2t","식용유,2T","물,1/2T","물,3T","굴소스,2T","간장,1/2T","다진마늘,1/2T","후추,1/3t","꿀,1t","고춧가루,1/2T",끝,**만개의 레시피를 통해 제공되는 메이플대니얼의 컨텐츠는 사진형으로 보실 때 더욱 좋습니다**,"먼저 청경채는 비스듬한 방향으로 3cm ~ 4cm 정도 간격으로 잘라주시고 크기가 작다면 모양 그대로 사용 해 주셔도 좋습니다. 매콤한 청양고추도 송송 썰어 준비할게요. 전분물(전분1/2T : 물3T)도 미리 만들어 두겠습니다. 그리고 양념장 재료 굴소스2T,간장1/2T,다진마늘1/2T,후추1/3t,꿀1t,고춧가루1/2T 를 한 데 넣고 잘 섞어서 준비할게요.",냄비에 물을 넉넉히 1~1.5L정도 넣고 소금을 1t 정도 넣은 다음 우르르 끓어오르면 청경채를 넣고 2분간 살짝 데쳐주세요. 소금을 넣으면 색이 더욱 선명해진답니다. 바로 조리할 예정이시라면 굳이 청경채를 찬물에 헹구실 필요는 없습니다. 좀 시간을 두고 요리 할 계획이시면 차가운 물에 헹구어 청경채를 아삭하게 유지 해 주세요. 데칠 때의 잔열로 어느정도 계속 조리가 진행되기 때문에 아삭함이 사라질 수 있답니다.,청경채를 삶았던 물에 바로 솔방울 오징어를 넣고 4분동안 데쳐주세요. 그리고 체반에 바쳐 물기를 제거 해 주세요.,팬에 식용유 두 큰술을 두르고 청양고추를 먼저 넣어 향을 낸 다음 데친 청경채와 오징어를 넣고 볶다가 양념장을 넣어주세요.,강불을 유지 해 주시고 양념장을 넣고 1분정도 잘 저어가며 볶아주세요.,한손으로 잘 저어가며 이제 물녹말을 넣기 전 한번 더 풀어주신 다음 천천히 부어주시며 농도를 맞춰주세요.,"되직하게 점도가 더해졌다면 이제 불을 끄고, 참기름 반큰술 정도 둘러 마무리 해 주시면 중화풍의 오징어 청경채 볶음 간단하게 완성했습니다. 상에 내실 때 깨를 솔솔 뿌려 먹음직함을 더해주세요.",오늘은 중식풍으로 완성하는 청경채요리 오징어 청경채 볶음 레시피로 여러분과 함께했습니다. 생각보다 간단한데 완성 해 놓고 보니 꽤나 근사한 메뉴더라고요. 어렵지 않게 많들어 상차림 메뉴로 준비 해 보시면 어떨까요? 오늘도 맛있게 즐기세요!,끝
중식당 짜사이보다 맛있는 양배추 무침,1,"집에서 쉽게 만드는 중식당 짜사이보다 간단하고, 더 맛있는 양배추 무침",중식,https://recipe1.ezmember.co.kr/cache/recipe/2017/09/18/52ccb619a8ea5cb8d6600c31302e4d351.jpg,30,2,"양배추,200g","연두,1/2숟가락","소금,1/2숟가락","설탕,1숟가락","식초,1.5숟가락","고춧가루,2/3숟가락","포도씨유,2숟가락",끝,양배추는 5mm 두께로 썬 뒤 소금에 절여주세요.,양배추가 절여지면 흐르는 물에 한번 헹군 후 물기를 꼭 짜주세요.양배추를 잘게 썰어 물에 헹구면 쓴맛이 빠져나와 달고 아삭한 맛을 즐기실 수 있습니다.,포도씨유에 고춧가루를 넣고 전자레인지에 1분간 돌려 고추기름을 만들어주세요.전자레인지,"연두, 식초, 설탕을 섞어 소스를 만들어주세요.",물기를 제거한 양배추에 소스와 고추기름을 넣어 버무려 완성해주세요.,끝
너무 간단한데 맛있어서 놀라는 백종원 분식점 떡볶이 황금 레시피,1,분식점에서 파는 맛 나는 백주부님 떡볶이!만드는 방법은 너무 간단한데 맛있어서 놀랜답니다!,분식,https://recipe1.ezmember.co.kr/cache/recipe/2018/08/13/3233d427883d15239f297aeeaf1775531.jpg,15,1,"떡볶이떡,2컵","물,2컵","대파,1/2대","통깨,약간","고추장,2T","고추가루,1.5T","간장,2T","설탕,3T",끝,먼저 종이컵 기준 물 2컵에 떡볶이떡을 넣고 센불에서 팔팔 끓여 줍니다.냉동 떡이라면 물에 잠깐 담궈두셨다가 사용하세요,물이 팔팔 끓으면 양념을 다 넣어준 뒤 잘 풀어주고 또 자글자글 끓여 줍니다.양념을 미리 섞어두시면 좋아요,국물이 졸아들면 대파를 가위로 쫑쫑 썰어 넣어주시고 통깨 약간 뿌려 주시면 끝!,너무 간단한데 맛있어서 놀라는 백종원 분식점 떡볶이 완성입니다!,한개 먹어보니 어머머!정말 분식점에서 파는 떡볶이 맛이 나면서 넘 맛있어요. 너무 간단한데 맛있어서 놀랬어요^^,끝
쫄면 맛있는 양념장 만들기 - 분식 쪼아!,1,분식하면 생각나는 메뉴 중 베스트 손가락에 꼽히는 쫄면! 집에서 원하는만큼 야채를 풍성하게 넣어서 먹는 맛! 맛있게 즐기자구욧!,분식,https://recipe1.ezmember.co.kr/cache/recipe/2016/01/03/22144e9b758522aa37e01788f8f775421.jpg,15,1,"쫄면,","양배추,","오이,","콩나물,","당근,","고추장,2T","고추가루,1T","양조식초,3T","설탕,1T","올리고당,1T","간장,0.5T","다진마늘,0.5T","참기름,1T",끝,"분양의 양념을 모두 넣고 양념장을 가장 먼저 만들어주세요. 신맛 추가는 식초를 더 넣고, 단맛은 설탕을 더 넣어주세요.",콩나물을 끓는 물에 넣고 완전히 익도록 삶아준 후 건져내어 찬물에 헹군 뒤 물기를 빼줍니다,냉장고에 있는 채소들을 모두 꺼내서 적당한 크기로 채썰어 주세요,"저는 양배추, 콩나물, 당근, 오이를 준비했어요",쫄면 뭉쳐있는걸 풀어서 끓는 물에 적당하게 삶아냅니다,굵기에 따라 3-4분정도 삶아내고 재빨리 찬물에 헹궈 쫄깃함을 살려주세요,그릇에 면발을 먼저 담고 위에 채썰어 놓은 야채들을 둥글게 나열한 후 만들어 놓은 양념장을 뿌리고 빠지면 아쉬운 삶은 달걀도 척 올려주면 쫄면 완성!,끝
국물떡볶이 - 학교 앞 분식집 떡볶이 자작한 국물,1,국물떡볶이 만들어봐요,분식,https://recipe1.ezmember.co.kr/cache/recipe/2017/01/05/3a1e7b21c652be2f242934216282e5db1.jpg,30,1,"떡볶이떡(밀떡),500g","어묵,3장","물,500ml","양파(큰 것),1/2개","대파,1대","고추장,4수저","식용유,1수저","고춧가루,1수저","설탕,1수저","다진마늘,1수저","올리고당,2수저","간장,2수저","후춧가루,약간",끝,밀떡을 가닥 가닥 떼어 물에 담가 둔다.,"떡볶이에 넣을 재료인 양파,대파,어묵을 썰어주고",팬에 식용유1를 두르고 고추장4을 넣어 준다.,추장이 타지 않도록 중약불에서 5분정도 볶아준다(지글지글 소리 날 정도로 볶아주는게 아니예요. 자칫 불조절을 잘 못해서 고추장이 탈수 있으니 조심하세요),볶은 고추장에 밀떡과 양파를 넣고 약불에서 3분정도 볶아준다,500ml 물을 부어준다.그리고 한소끔 끓인다,"고춧가루1,설탕1,다진마늘1,올리고당2,간장2를 넣어주고취향에 따라 후춧가루를 넣어 간을 한다.(오늘뭐먹지 레시피에는 간장 대신 고향의맛을 넣었어요..전 집에 없어서 간장으로 간을 했는데 집에 있으심 사용해보세요고향의맛이 들어가야지 학교분식 그맛이 난다고 ㅋㅋㅋㅋ)바로 이어 어묵,파를 넣어 중약 불에서 바글 바글 끓인다.국물이 걸쭉하게 졸아들면 완성",끝
분식 휴게소음식 간단한 떡볶이 휴게소간식 휴게소떡볶이/고추장떡볶이,1,학교앞에서 팔던 옛날떡볶이 맛이 나는 매콤하고 달달한 휴게소 떡볶이 레시피 알려 드릴게요^^*,분식,https://recipe1.ezmember.co.kr/cache/recipe/2023/06/01/98a8cd5b864e4b1568d5099e7d5982771.jpg,15,2,"떡볶이떡,5개","어묵,70g","양배추,80g","대파,1개","물,200ml","고추장,3스푼","간장,0.5스푼","물엿,4스푼",끝,재료 준비해 주세요~,양배추는 한입크기로 썰어 두고 파는 송송 썰어 주세요~,떡볶이떡은 2등분해 썰고 어묵은 크기가 작아 안 썰고 그대로 준비했어요~ 떡볶이떡이 말랑하면 바로 사용하면 되고 냉동실에서 꺼낸 얼린 떡볶이떡은 끓는 물에 한번 삶아 말랑하게 만들어 두고 어묵은 끓는 물 부어 샤워 한번 시켜 주면 기름기 없이 깔끔하게 드실 수 있답니다,"후라이팬에 물 200ml, 간장 0.5스푼, 물엿 4스푼, 고추장 3스푼을 넣어 주세요~취향에 따라 양념은 가감해 넣어 주세요!",고추장을 풀어 주세요~,떡볶이떡과 어묵을 넣어 주세요~,양배추를 넣어 주세요~양배추는 없으면 패쓰하고 양파 있으면 양파도 좋아요!,양념이 재료에 스며 들도록 졸여 주세요~,파 넣고 마무리 하면 휴게소 떡볶이 완성입니다,끝
"떡꼬치, 길거리 분식 떡꼬치",1,밥숟가락 계량 입니다.,분식,https://recipe1.ezmember.co.kr/cache/recipe/2017/02/11/ff6291b6410f00681f2d1a34966135121.jpg,15,2,"떡볶이 떡,30개","식용유,약간","고추장,2T","케찹,4T","설탕,1T","간장,0.5T","다진마늘,0.5T","후추,7번톡톡",끝,냉동실에서 꺼낸 떡은 속까지 물렁 해 지도록 데쳐줍니다. (실온에 있던 떡은 이 과정을 생략 하세요.),데친떡은 건져내어 한김 식힙니다.,꼬치에 떡볶이떡을 끼워 줍니다.,"팬에 식용유를 두르고 앞뒤 노릇,바삭하게 구워줍니다.","고추장,케찹,설탕,간장,다진마늘,후추를 넣어 양념장을 만들어줍니다.",숙성된 맛이 나도록 양념장을 전자렌지에 2분여 익혀줍니다.전자레인지,구운떡에 양념을 고루 입혀주어 완성.,끝
#분식 #떡볶이만들기 #라볶이만들기 #떡볶이양념 #고추장 #고춧가루 #라면스프,1,"#분식 #떡볶이만들기 #라볶이만들기 #떡볶이양념 #고추장 #고춧가루 #라면스프 #조미료가필요해 #국물떡볶이 #통가래떡 #가래떡볶이 #가래떡 #라볶이 ​ ​ 요즘 떡볶이 유행이 통가래떡이라죠. 떡볶이를 해서 먹으려고 했는데, 역시나 유행에 맞게 시판되는 통가래떡이 있었어요. 동네에는 시장도 없고, 떡집도 없고. ㅠㅜ 구입해서는 집에서 만드는 국물떡볶이를 만들었습니다. ​ 육수는 한알육수로 낸 후에 고추장, 고춧가루, 양조간장, 그리고 라면스프를 넣어 주었습니다. 왜?? 떡볶이는 약간의 MSG가 필요합니다. 밖에 나가서 먹는 곱창전골도 떡볶이도. 다 조미료가 들어가 있거든요. 또 안 넣으면 그 맛이 안나기 때문에. ​ 예전에는 라면사리를 넣기 위해서 진라면을 넣고 라면스프를 넣어서 만든 떡볶이였는데, 지금은 라면스프가 있어서 간단하게 만들었습니다. ​ 그리고 떡볶이에서 중요한 한가지!! 바로 물엿입니다. 물엿이 꼬옥 들어가야만 제대로된 떡볶이의 국물맛이 납니다. ㅎㅎㅎㅎ",분식,https://recipe1.ezmember.co.kr/cache/recipe/2023/05/12/c928eee05c138b2354ca45667054a3e31.jpg,60,1,"코인육수,3알","통 가래떡,400g","사각 야채어묵,3장","면 사리,1개","대파,1/2대","다진마늘,2큰술","고추장,4큰술","고춧가루,3큰술","양조간장,2큰술","후추,1작은술","라면스프,1큰술","삶은계란,2개","물,1L",끝,한알육수 3개를 넣고 물을 넣어 줍니다. 그리고 팔팔 끓여서 육수부터 만들어 줍니다.,"육수에 고추장, 고춧가루, 양조간장, 라면스프를 넣고 잘 풀어가면서 끓여 주다가 부글부글 끓여 오르면 대파를 썰어서 넣어 주고, 다진마늘도 넣어 줍니다. 다시한번 끓여 줍니다.",미리 육수를 만들기 전에 준비한 계란입니다. 삶은 계란을 투여합니다. 그리고 통가래떡을 넣어 줍니다.,"떡을 넣고 팔팔 끓어 오르면, 중불로 옮겨서는 약 5분간 더 끓여 주다가 다시 센불로 옮겨서는 어묵을 넣어 줍니다. 그렇게 어묵을 넣어서 센불에서 끓이다가는 중불에서 은근하게 저어가면서 계속해서 끓여 줍니다. 그래야 떡에도 어묵에도 국물의 양념이 잘 스며들게 됩니다. 하지만 통가래떡의 경우는 아무리 졸여도 양념이 속까지는 스며들지 않습니다. ^^",총 20분 정도를 중불에서 졸여 준 통가래떡볶이에 건면으로 된 사리면을 넣어 줍니다. 기존의 사리면은 너무 굵어서 밀가루 맛이 많이 느껴졌습니다. 그래서 건면사리로 바꿔서 넣어 주었습니다. 건면은 금방 익기 때문에 넣어서 앞뒤로 양념을 입혀 준 후 불을 끄시면 됩니다.,"사진촬영하는 동안 건면이 충분히 익어 갑니다. ㅎㅎ 그래서 푹 익히지 않았습니다. 취향에 따라 삶은 계란을 으깨서 주고, 거기에 떡볶이국물을 얹어서 먹는 맛!! 이것이 국물떡볶이의 맛이기도 하지요.",끝
분식집 그 맛! 떡꼬치 만들기 ,1,쉽고 간단하게 만드는 떡꼬치 진짜 맛있어요~,분식,https://recipe1.ezmember.co.kr/cache/recipe/2020/12/31/b36edce8009816b75e41b96a625c7a311.jpg,10,1,"고추장,1/2T","설탕,1T","올리고당,2T","케찹,2T","떡,20개",끝,"고추장 1/2T, 설탕 1T, 올리고당 2T, 케찹 2T를 넣어 소스를 만들어주세요.",떡 20개를 기름을 조금 두른 팬에 아주 약불로 구어주세요.약불기름을 많이 넣으면 떡이 튀는 사고가 나요. 기름은 조금만 넣어주세요!,떡을 포크로 찔러 익었는지 확인해주세요.,떡이 다 익었다면 젓가락(꼬치)에 낀 후 만든 소스를 발라주세요.,맛있는 떡꼬치 완성! 분식집 앞에 파는 떡꼬치랑 맛이 똑같아요. 꼭 만들어보세요!,끝
분식집라면 + 명란젓으로 고소한 라면 만들기,1,평소에 먹었던 분식집 라면 을 취향에 맞게 만들어 보았습니다.,분식,https://recipe1.ezmember.co.kr/cache/recipe/2023/05/09/f7c1742fa627d8a25af0b5ef399dde631.jpg,10,1,"라면,1개","치즈,1개","양배추,1/3","명란젓,약간","계란,1개","라면스프,1개",끝,냄비에 물을 담고 끓여 주세요,그동안 양배추를 다듬어 줍니다 (양배추는 이 정도 크기로 다듬어 주세요),명란젓도 다져줍니다,물이 끓으면 면과 스프를 넣었습니다,라면이 반쯤 익어갈때 다듬어준 양배추를 넣습니다,그사이 명란젓도 넣어줍니다,끓이면서 동시에 계란도 넣습니다,마지막으로 치즈를 올려주시면 완성 입니다,끝
식혜떡볶이만들기 학교앞분식떡볶이 맛이라 더 맛있어!,1,떡볶이를 좋아하는데 맛있게 만들기가 어렵더라구요ㅠㅠ 그러던중 간단하면서도 맛있게 만들수 있는 식혜떡볶이를알게되어 해보았습니다! 정말 간단하면서도 맛있어서 이제는 식혜를 냉장고에 쟁여두고 종종 해먹어요 :),분식,https://recipe1.ezmember.co.kr/cache/recipe/2023/04/14/c4055804404c1965cca31423c60253db1.jpg,20,2,"캔 식혜,1개","고추장,2T","떡국떡,1~2줌","오뎅,1봉지","피자치즈,",끝,냉동실에 있던 떡국떡을 사용해서 했어요! 냉동되어있던거라 물에 잠시 담궈뒀습니다.떡국떡으로 하면 얇아서 많이 하고 많이 먹을수 있어요 :),웍에 캔식혜 1개를 부어줍니다.건더기는 걸러서 하기도 하던데 저는 그냥 다 넣었어요. ,고추장 2T 넣고 잘 저어주며 불 사용합니다.강불,오뎅을 먹기 좋은 크기로 잘라서 넣어줍니다.귀찮아서 가위로 잘랐어요 ㅎㅎ,물에 담궈뒀던 떡국떡을 건져서 넣어줍니다.,잘 저으면서 익혀주면 식혜떡볶이 완성!,집에 피자치즈가 있어서 한번 올려봤어요! (이건 생략가능ㅎㅎ)피자치즈 안올리고 먹어도 맛있어요:),끝
백종원 분식점 떡볶이 레시피,1,어머님이 보내주신 떡볶이떡을 보니 학창시절 분식이 생각나서 백종원 레시피로 만들어 보았어요,분식,https://recipe1.ezmember.co.kr/cache/recipe/2019/01/06/0c1ed719e27341c9401c6456c513fceb1.jpg,30,2,"떡볶이떡,4컵","물,4컵","고추장,4T","고춧가루,3T","설탕,4T","간장,4T","파,1대",끝,냄비에 물을 붓고 떡을 넣어주세요,떡을 넣고 팔팔 끓으면 준비한 양념을 넣어주면 됩니다.양념을 잘 풀어주세요,보글보글 끓여서국물이 졸아들면 대파를 넣어주면 됩니다.너무 간단하네요.ㅎㅎ,떡볶이 완성~~누구나 할수있을 정도록 간단하네요,끝
간단한 술안주로 최고인 버터갈릭새우 만들기,1,요즘 남편과 늦은 밤에 마시는 술 한잔에 푹 빠졌어요. ヾ(๑ㆁᗜㆁ๑)ﾉ”   술을 마실 때 안주를 든든하게 먹어야 다음 날 숙취가 없어서 저는아무리 귀찮아도 꼭 안주를 챙겨 먹는 편인데 요새는 엄청 만들기 쉬운 버터갈릭새우에 홀릭 중이랍니다.,안주,https://recipe1.ezmember.co.kr/cache/recipe/2019/09/10/ceb6aad8259b5dde6ea5bfc9a76957591.jpg,15,1,"새우,20마리","버터,20g","올리고당,2큰술","다진 마늘,1큰술","파슬리,약간","후추,약간","올리브유,약간","소금,약간",끝,새우는 껍질을 깐 뒤 내장을 제거한다.,"손질한 새우에 소금, 올리브유, 후추를 약간씩 넣고 버무린 다음 10분간 재운다.","버터 20g, 다진 마늘 2큰술, 올리고당 2큰술, 파슬리 가루 약간을 넣어 버터갈릭 소스를 만든다.",프라이팬을 중불로 달군 뒤 새우를 넣고 굽는다.,새우가 살짝 익으면 만들어 둔 버터갈릭 소스를 넣고 볶는다.,버터갈릭 소스가 졸아들 때까지 계속 볶으면 버터갈릭새우가 완성된다.,끝
[간단 자취요리] 혼술 안주 생성! 닭꼬치 만들기,1,"안녕하세요 여러분~! 요즘 혼술하시는 분들 많으시죠? 그래서 오늘은 술안주로 딱인 닭꼬치를 준비했어요!  예전에 다이어트한다고 닭가슴살 대량 구매했다가 다이어트는 포기하고 맛있는 닭꼬치를 만들어 먹은 기억이 나네요.. 하하..  저는 가까운 마트에 닭가슴살이나 닭다리살이 없어서 통닭을...사서ㅋㅋㅋ 발골했는데요! 여러분들은 닭다리 살이나, 넓적다리 살, 가슴살 등을 구매해서 편하게 만드세용! 확실히 가슴살보다는 넓적다리살이 맛있어요..:D",안주,https://recipe1.ezmember.co.kr/cache/recipe/2017/03/31/7b6d48c2da3fcc6313d965c1c2b3a6481.jpg,30,1,"닭고기,1그릇","대파,","간장,1T","후추,","간장,2T","굴소스,2T","설탕,2T","다진마늘,1T","물,2T",끝,재료를 준비한다.,먼저 닭에 밑간을 해 준다.닭은 다리살이나 가슴살을 준비해주세요. ,파를 한 입 크기로 썰어준다.,손질한 닭과 파를 꼬치에 골고루 꽂아준다.,"양념장을 만든다.맛술 있으면 맛술도 2T, 없으면 생략! ",팬에 기름을 두르고 꼬치를 구워준다.,고기가 익으면 약불로 줄이고 양념을 발라준다.,뒤집어가며 골고루 양념을 발라 구워준다.,끝
술안주 요리 추천 비주얼 좋은 스팸계란전,1,간단하게 만드는 술안주,안주,https://recipe1.ezmember.co.kr/cache/recipe/2023/06/09/6fbc33bf67656d97ee45e33d14809b7f1.jpg,10,1,"리챔 작은것,1개","계란,3개","쪽파 또는 대파 다진것,2숟가락",끝,쪽파or대파 다진거에 계란 넣어주세요,계란을 잘 풀어주세요,햄은 모양 그대로 잘라주세요,팬에 기름 살짝 둘러주시고 햄을 사진과 같은 모양으로 세팅해주세요,햄 사이사이 계란물 부워주세요,이렇게 부워주세요,뚜껑덮고 약불에서 천천히 익혀주세요,한쪽면이 다 익었을 때 뒤집어서 마저구워주세요,끝
고구마 닭볶음 단짠의 케미 맥주안주!,1,날씨가 따뜻해지니 자꾸만 맥주가 땡기는 요즘! 봄이라 옷이 얇아져서 다이어트도 해야되고 먹고는 싶을 때 찔릴 때 배부르고 맛있게 먹을 수 있는 건강한 맥주 안주 소개해요!,안주,https://recipe1.ezmember.co.kr/cache/recipe/2017/03/24/d7a5cc1c8438447eeea3c2c9c2fe26161.jpg,60,2,"닭다리살,250g","고구마,1개","브로콜리,1/2통","미니파프리카,2개","간장,1T","올리고당,2T","맛술,0.5T","다진마늘,1T","후추,조금",끝,"간장1T, 올리고당2T, 맛술 0.5T, 다진마늘1T, 후추조금 넣고 먹기 좋게 손질해 둔 닭다리살과 잘 섞어주세용10분정도 재워두세요간장1T, 올리고당2T, 맛술 0.5T, 다진마늘1T, 후추조금","고구마는 깨끗이 씻어 껍질째 준비하고 파프리카는 먹기 좋게 정사각형으로 썰어주세요고구마1개, 미니파프리카 2개파프리카가 없으면 생략해도 되요 고구마는 껍질째 볶아먹으면 훨씬 맛있어요 ",브로콜리는 한입크기로 자른 후 1차 흐르는 물 -> 2차 베이킹소다 푼 물 -> 3차 식초물에 씻어주세요씻을 때는 송이를 아래로 향하게 해서 물에 담가 휘휘 저어주세요 ,세척이 끝난 브로콜리는 끓는 물에 30초 정도 삷아서 준비합니다,팬에 식용유를 두르고 가장 늦게 익는 고구마부터 볶아주세요,고구마가 노랗게 올라오면 재워둔 닭고기와 파프리카를 넣고 센불에 볶아줍니다 양념이 잘 배도록 모든 재료를 잘 섞어주세요센불,닭다리 살이 서서히 익어갈 때 브로콜리를 넣어주세요센불브로콜리는 미리 삶아놔서 맨 마지막에 넣어요 ,센불에 양념이 졸아들 때까지 볶아주기! 고구마는 젓가락으로 찔러보고 닭은 살짝 찢어봐서 익었으면 불을 끕니다,예쁜 접시에 담고 검은 깨를 뿌려 완성,끝
【우리집 인기반찬】 맛보장 통오징어 양념구이 진짜 맛있어요 ! (밥안먹는 4살 아이 반찬 & 술안주),1,오징어는 고단백질 식품으로 타우린이 풍부하죠! 활동량이 많아 지치기 쉬운 아이들에게 팜 좋으요:) 통으로 구워 썰어 먹으면 아이가 재미있어하며 잘 먹는답니다!,안주,https://recipe1.ezmember.co.kr/cache/recipe/2018/04/20/49b40436a2e5fec4f2a8474a122e10201.jpg,15,3,"손질 오징어,1마리","맛술,1T","양조간장,1T","올리고당,2T","고추장,1/2T(기호에 따라 가감)","올리브유,1T","다진 마늘,1t","참기름,1t",끝,오징어는 한면에 1cm 간격으로 칼집을 내줍니다.,볼에 양념 재료를 넣어 섞어주세요:)양념 맛있다고 계속 찍어먹는 빵빵이 손 출연!ㅎㅎ보기엔 매워 보일지 몰라도 전혀 그렇지 않아요:),달군 팬에 식용유를 두르고 오징어를 넣어 센 불에서 2분간 뒤집어가며 구워줍니다.,중약 불로 줄이고 양념을 발라가며 1~2분간 구워주세요,양념이 너무 맛있다는 빵빵이 손 또 출연!ㅋㅋㅋ너무너무 맛있어 하더라구요:)남편도 술안주로도 좋겠다고흐흐,끝
족발 남은 거 더 맛있게 매운 족발 만들기,1,먹다 남은 족발이 매콤한 술안주로 탈바꿈했어요.,안주,https://recipe1.ezmember.co.kr/cache/recipe/2023/06/08/c57f8f337557422e77266ebfbbf2e4ea1.jpg,20,1,"족발,1줌","양파,1/2개","청양고추,3개","마늘,4쪽","간장,2큰술","설탕,1큰술","올리고당,1큰술","고춧가루,2큰술","대파,약간","식용유,1큰술",끝,어제 먹다 남은 족발이에요. 다시 데워 먹으려니 매콤한 족발이 땡기네요. 그래서 매운족발양념을 해서 볶아먹었어요. ㅋ,"청양고추 3개는 어슷 썰고 마늘은 편 썰어줍니다. 대파는 굵게 다지고 양파는 1cm 크기로 썰어줍니다.청양고추 3개, 마늘 4쪽, 대파 약간, 양파 1/2개","달군 팬에 기름을 두르고 편으로 썬 마늘을 넣어 볶아줍니다.식용유 1큰술, 마늘 4쪽",마늘 향이 올라오면 네모지게 썬 양파를 넣어 볶아줍니다.양파 1/2개,"양파가 반쯤 익으면 살만 발라둔 족발과 설탕 1큰술, 고춧가루 2큰술, 간장 2큰술, 올리고당 1큰술을 넣어 볶아줍니다.남은 족발 1줌, 설탕 1큰술, 고춧가루 2큰술, 간장 2큰술, 올리고당 1큰술","족발에 양념이 베이면 어슷썬 청양고추와 대파를 넣어 섞어줍니다.청양고추 3개, 대파 약간",끝
부추베이컨말이,1,간단한 술안주를 만들려고 냉장고를 들여보다가 급 만들게 되었는데요~ 대부분 팽이버섯을 베이컨에 많이 넣어 만들곤 하지만..전 향긋함과 영양을 더하기 위해 부추를 넣어봤어요. 느끼함도 잡아주고 완전 좋답니다^^,안주,https://recipe1.ezmember.co.kr/cache/recipe/2015/08/15/2e35349d4ca6d65611bab97efeec7a621.jpg,15,2,"부추,1줌","베이컨,9장",끝,"부추는 흐르는 물에 씻은 뒤, 물기를 제거하고 베이컨 길이에 맞춰서 잘라줍니다.",베이컨은 길이대로 반을 잘라서 준비합니다.,"베이컨을 하나씩 떼어 펼쳐주고,그 위에 미리 잘라놓은 부추를 조금씩 올려줍니다.","그대로 돌돌 말아주기,베이컨의 기름으로 자동접착이 되어 풀리지 않으니 한번에 말아주세요.","베이컨9장을 사용, 반 잘라서 총 18개가 완성되었어요.","후라이팬을 깨끗이 닦아준 뒤, 부추베이컨말이를 차곡차곡 올려줍니다.베이컨에서 기름나오니 식용유는 전혀 필요없습니다.",베이컨이 말린 끝부분을 바닥면으로 향하게 하여 먼저 구워주고 완벽하게 접착이 됩니다.앞뒤로 굴려가며 노릇노릇 중약불에서 구워주면 완성!!,끝
♥[신혼밥상]오독오독 매운팽이버섯,1,먹방계 핫 메뉴! 오독오독 역대급 맛있는 소리 보기만해도 상상만해도 군침 질질 밥도둑 술도둑이 따로 없는 매운팽이버섯조림 맛이 궁금하면 윤블리네로 오세요,안주,https://recipe1.ezmember.co.kr/cache/recipe/2022/04/25/9d17b995ff5c95f7760b56eaeb95caec1.jpg,10,1,"팽이버섯,1봉지","쪽파,약간","청양고추,1~2개","다진마늘,약간","식용유,약간","고추장,1스푼","고춧가루,1/2스푼","설탕,1스푼","미림,2큰술","간장,1스푼","올리고당,1스푼","물,2스푼",끝,팽이버섯 밑동 자르고 물로 가볍게 흔들어 씻은 후 큼직큼직 하게 찢기,청양고추 1~2개 다지기,쪽파 송송,"매콤장 만들기(고추장1, 고춧가루0.5, 설탕1, 미림2, 간장1, 올리고당1, 물 2)",다진 청양고추 넣고 믹스믹스,식용유 두르고 다진마늘 넣고 살짝 볶기최대 약불로 약 20초정도 볶기,볶은 다진마늘 위에 팽이버섯 올리기,(약불 유지) 수분이 충분이 나올때까지 팽이버섯 굽기,양념장 몽땅 붓고 국물이 자작자작 할 때까지 조림,다진 쪽파랑 통깨 솔솔 마무리참기름 한방울 톡~ 풍미 최강!,끝
매운 팽이버섯 조림 간단 반찬/술안주/맥주안주/소주안주 굿굿!!,1,밥반찬으로도 술안주로도 좋은 매운 팽이버섯 초림♡♡,안주,https://recipe1.ezmember.co.kr/cache/recipe/2020/03/08/7f30d319399045be9491fa710fc260a71.jpg,5,1,"팽이버섯,1봉지","고추장,1스푼","진간장,1스푼","설탕,1스푼반","다진마늘,1스푼","물,2스푼",끝,팽이버섯 밑둥을 자르고 한입 크기 덩어리로 분리해줍니다,팬에 기름을 두르고 팽이버섯을 앞뒤로 30초씩 구워 줍니다강불,분량의 소스를 팽이버섯 위에 부어 줍니다,앞뒤로 30초씩 조려 주면 완성!,끝
아스파라거스 베이컨 볶음 만들기,1,초여름까지가 제철인 아스파라거스는 저희가 참 좋아하는 채소인데요. 특히나 제철 음식이 보약이다 라는 말처럼 비타민B로 피로 해소에도 좋구요. 안주용으로 너무도 탁월한 식감을 가졌는데 숙취에도 도움이 된다죠. 지금쯤 단단한 육질과 단맛이 좋아서 딱 즐기기 좋은 시기에요. 오늘은 일본 대표 맥주 안주라고 할 수 있는 간단 레시피를 소개해드립니다.,안주,https://recipe1.ezmember.co.kr/cache/recipe/2023/06/08/3ccf8ec49de7c3a0bcc5c8f538e090f11.jpg,10,1,"아스파라거스,200g","베이컨,2줄","케이엔페퍼,3~4개","버터,15g","간장,1t","통후추,","달걀,1알",끝,아스파라거스를 깨끗히 씻고 손질합니다. 조금 굵은 애들은 밑동 부분을 이렇게 살짝 포뜨듯 한마디 정도 얇게 손질해주면 한줄기 다 아삭아삭하게 즐길 수 있어요.좋은 아스파라거스를 고르는 방법 Tip! 머리 솔이 온전한지 확인하고 밑동도 푸르면서 연한 것을 고르세요.,줄기마다 단단함이 다를 수 있어 컷팅을 위로 갈수록 크게 했어요. 위가 가장 여린부분이어서 큼직하게 밑동은 짧막한 마디로 조리시 전체적으로 식감의 맛을 살리게 했죵.,사용한 베이컨은 국산이라 염도가 적고 트러플향이 살짝이 나는 제품입니다. 얇게 잘라줍니다.,중불 정도로 올리고 베이컨을 달달 볶습니다. 어느정도 익어가서 기름이 자글자글하게 나오면 버터를 넣어 풍미를 더해줍니다.,강불에 스피드하게 볶아 아삭함을 유지합니다.,칼칼한 매력 더해주는 케이안페퍼도 부셔서 넣어주고요. 향미를 업그레이드 해주는 통후추도 갉갉 ! 마지막으로 감칠맛을 더해줄 간장 1t 테두리에 둘러 마무리로 볶고 불을 내립니다.최대한 수분감을 살려 강불에 빠르게 휙휙 볶아주세요.,노른자가 목적이지만 흰자도 활용하고 싶어서 볶았던 팬 그대로 보돌보돌하게 스크램블했어요.,탱글탱글한 노른자를 톡 올려 완성합니다.,시원한 맥주만 준비하면 완벽한 조합이겠지요 !,녹진하고 진한 노른자를 톡 터트려 함께 조합해서 먹으면 염도도 중화되면서 맛이 한층 더 고소하니 맛있으니 달걀은 왠만하면 꼭 추가하세요~.,끝
몬테크리스토 샌드위치/ 노오븐베이킹,1,간단히 브런치로 즐겨도 좋고 피크닉 도시락 메뉴나 간식으로 즐기기 좋은 몬테크리스토 샌드위치를 만들어 볼게요! 베니건스의 몬테크리스토 샌드위치는 안에 칠면조가 들어가는 반면 저는 간단하게 만들 것이기 때문에 햄과 치즈만 이용했답니다!,베이킹,https://recipe1.ezmember.co.kr/cache/recipe/2015/10/22/c450d19234d1d53c0cb4d3e319332a651.jpg,30,1,"식빵,6장","치즈,4장","슬라이스햄,4장","계란,1개","빵가루,","파슬리가루,약간","딸기잼,","머스타드소스,","슈가파우더,소량",끝,먼저 슬라이스햄을 약불에서 살짝만 구워주세요!,햄을 구웠다면 간단한 불작업은 완료! 이제 샌드위치를 만들어 볼게요~ 먼저 식빵에 딸기잼을 발라주세요!,그다음 구운 햄을 올려주세요!,그 위에 치즈도 한 장 올려주세요!,다시 식빵을 덮고 딸기잼을 발라주세요!,그다음도 똑같이 햄과 치즈를 한 장씩 올려주시면 돼요!,이렇게 치즈까지 올려준 후,식빵에 머스타드소스를 발라준 후 덮어주세요!,"뭉친 것이 없도록 계란을 잘 풀어주신 후, 계란물에 앞, 뒤, 옆 총 6면을 모두 적셔주세요!",그다음 빵가루에 파슬리가루를 살짝 섞은 후(색감이 예뻐요ㅎ) 똑같이 6면 모두 묻혀주시면 돼요!,"앞, 뒤, 옆 골고루 빵가루를 묻혀주세요!",자 이렇게 샌드위치가 준비되셨으면 이제 구워줄 차례예요~,팬에 기름을 넉넉하게 두른 후 기름온도를 높여주세요~! 튀김온도 측정하는 법! 이거 많이들 어려워하시죵..ㅠㅎ 빵가루 조각을 하나 넣었을 때 가라앉았다가 바로 올라오면 적절한 튀김온도예요! 튀김온도가 적절하지 않으면 기름만 많이 먹고 눅눅해지거나 넣자마자 새까맣게 타는 수가 있어요! 튀김온도 적절하게 잘 맞춰주세요ㅎ,튀김온도가 적절하게 맞추어졌으면 이제 샌드위치를 구워주시면 돼요!,"앞면, 뒷면, 옆면 모두 노릇노릇하게 구워줄게요~!",옆면은 이렇게 세워서....ㅎㅎ,6면 모두 노릇노릇하게 잘 구워진 것 같아요!,이제 먹기 좋은 크기로 잘라주시면 돼요! 저는 4등분으로ㅎ,"샌드위치를 그릇에 예쁘게 담은 후, 달달한 슈가파우더를 체에 걸러서 곱게 내려줄게요~!","이렇게 몬테크리스토 샌드위치가 완성되었습니다♥ 빵가루를 묻히니 확실히 바삭바삭해서 맛있어요! 역시 햄, 치즈의 조화는 짱이네요..ㅎ 브런치, 간식 등으로 즐기기 좋은 몬테크리스토 샌드위치 만들어보세요~",끝
"[홈베이킹]우유식빵, 식빵레시피, 홈베이킹, 식빵 만드는 법!!!!",1,제가 결혼을 하면 꼭 해보고 싶던 베이킹이었습니다. 그래서 과감하게 결혼 후에 오븐도 구입을 했지요^^ 그렇게 이 남자의 베이킹이 시작되었습니다!,베이킹,https://recipe1.ezmember.co.kr/cache/recipe/2016/01/05/4ee29977162684d735fa6b1ded6a09b91.jpg,120,3,"강력분,300g","맛있는우유,200g","이스트,5g","버터,12g","소금,5g","설탕,15g",끝,우유에 소금과 설탕을 넣고 섞어줍니다충분히 소금과 설탕이 녹아들도록!,강력분과 이스트를 넣고 반죽을 시작합니다박력분이 뭉침을 방지하여 체에 쳤는데안쳐도 무방합니다(치면 좋다는건 함정?!),"빠르게 강력하게 반죽을 하여 줍니다날림가루가 없을 때 까지, 땀날때까지!",미리 녹여놓은 버터를 투하하여반죽하여주세요약간 미끄덩한 느낌이 있지만 그 느낌 사라질때까지!,따뜻한 물을 받쳐 40~50분정도 발효시켜줍니다. 따뜻한 방바닥도 좋습니다첫 반죽보다 2~2.5배 커질때까지!,반죽을 들었을 때 거미줄처럼 늘어나면 성공입니다 !만일 실패하였다면.. 다시 처음으로 돌아가주세요 ㅠㅠ,반죽을 팡팡 쳐서 가스를 빼고 3등분하여 2차발효를 하여줍니다(바로 식빵틀에 넣어서 2차발효하셔도 됩니다~^^),이렇게 부풀어 오르게 됩니다봉긋한 낙타 등 같죠?,미리 170~180도 예열하여주시고170도에서 25분정도 구워주세요(식빵의 윗면이 타는 것을 방지하기 위해 유산지를 덮어주었습니다 - 종이호일도 가능),드디어 긴 기다림 끝에 완성입니다!!윗면에 우유를 살짝 발라주시고 식혀주시면촉촉하고 맛있는 식빵이 된답니다,아주 고루고루 잘 익었지요?우리 만개의 레시피 회원분들도맛있는 베이킹하셔서가족들과 즐거운 시간보내세요!,크림치즈 냠! 쨈 냠!,끝
쉬운 홈 베이킹 바닐라 머핀 만들기,1,머핀을 좋아해서 자주 해먹는 편으로 제가 머핀을 블로그에 안 올렸더라고요 저는 아무것도 넣지 않은 것 을 좋아해 바닐라 향만 넣고 만들었어요 머핀 반죽은 파운드케이크 반죽이라고 보시면 됩니다 발효과정도 없어서 만들기도 쉬운 머핀 저와 함께 만들어 보실래요,베이킹,https://recipe1.ezmember.co.kr/cache/recipe/2023/05/29/a0f1a7b102a452fd598f4014d09e22041.jpg,60,2,"박력분,120g","버터,100g","설탕,100g","우유나 생크림 요거트,30g","계란,2개","베이킹파우더,3g","소금,2g","바닐라익스트랙 또는 바닐라향,1/2작은스푼","라즈베리,20g",끝,오븐,재료를 준비해 주세요 우유나 생크림 요거트 중 있는 것으로 준비해 주세요 생크림이나 요거트 넣으면 훨씬 부드러운 머핀이 됩니다,계란 버터와 우유나 생크림 요거트는 실온에 꺼내 놓아 주세요 실온에 놓아둔 버터를 휘핑하여 부드럽게 해놓아요,버터가 부드럽게 펼쳐졌으면 버터에 설탕을 조금씩 넣어 부드러운 크림이 될 때까지 저어서 섞어줍니다,버터 위에 계란을 넣어서 믹싱해줍니다 계란과 버터가 분리되지 않도록 잘 저어주세요,계란이 섞여졌으며 바로 박력분과 소금 베이킹파우더 바닐라 향을 체에 내려서 넣어주세요 저는 바닐라 향을 반 작은 티스푼 넣었어요 바닐라 익스트랙을 넣어도 좋아요,위의 재료들을 잘 섞으면서 우유도 조금씩 넣으며 반죽을 완성해 주세요 저는 생크림 요거트로 30g 정도 넣었어요우유나 생크림 요거트 중 있는것으로 유연하게 넣으세요,반죽이 적당하게 완성되었어요,건 라즈베리도 따뜻한 물에 살짝 씻어놓았어요,총 5개 정도를 만들 수 있어요 3개는 아무것도 안 넣고 만들었고 2개는 라즈베리를 조금 넣고 만들었어요 건과류와 각종 말린 과일 등을 넣고 만들어도 좋아요,쿠킹 컵에 2/3 가 넘지 않도록 반죽을 부어 주세요 너무 많이 넣으면 속까지 잘 익지 않고 부풀어서 넘칠 수 있어요,컵의 바닥을 탁탁 치면서 평평하고 공기가 들어가지 않도록 해주세요 미리 예열 된 오븐에서 180도로 25분 구워주면 됩니다 ,180도에서 25분 구웠더니 노릇하게 구워졌어요,포슬포슬하게 잘 구워졌어요 라즈베리 넣은 것도 맛있네요 시원한 아이스 아메리카노와 함께 머핀 잘 어울립니다,끝
[초간단 노오븐 베이킹] 5분완성 브라우니 만들기,1,"재료도 간단, 레시피는 더 간단! 그치만, 맛은 카페에서 먹는 브라우니 안부럽다는 거>_< 이제는 집에있는 재료로 쉽게 브라우니 만들어드세요♡",베이킹,https://recipe1.ezmember.co.kr/cache/recipe/2017/04/13/cab42c4a34388ab5c11e650cbe226a6e1.jpg,5,1,"계란,1알","설탕 큰,1스푼","핫초코가루,3큰스푼","데코용 딸기(필수아님),1개",끝,오븐,"계란을 한 알 그릇에 넣고 알끈을 제거한 뒤, 티스푼이나 젓가락으로 휘저어주세요",설탕을 큰 한스푼 넣고 설탕이 다 녹을때까지 풀어주세요,"핫초코 가루를 큰 세스푼 듬뿍 넣어준 뒤,잘 섞이도록 꼼꼼하게 저어주세요스틱에 들어있는 핫초코라면,한봉지만 뜯어 넣어주면 됩니다!","전자렌지에 20-30초만 돌려주면 완성!!! 진짜 쉽죠^ㅠ^전자레인지슈가롱은 양을 적게해서 20-30초로 끝났지만,양을 좀 더 많이 하는 분들은 그만큼 더 많은 시간 돌려줘야 맛있게 잘 익으니 참고하세요!",끝
노오븐 베이킹) 핫케이크 가루로 밥통카스테라 만들기,1,오늘은 핫케이크 가루로 촉촉하고 부드러운 밥통 카스테라를 만들어보았어요,베이킹,https://recipe1.ezmember.co.kr/cache/recipe/2018/12/30/6e5947d1e7fabfb15a9bd6c11f41b2551.jpg,60,1,"핫케이크 가루,300g","계란,2개","우유,160ml","설탕,2큰술","버터 (반죽에 퐁당),1큰술","버터 (밥통에 슥슥),1큰술","바닐라 에센스,1작은술",끝,오븐,"먼저 재료를 준비해요.우유와 계란, 버터는 사용 30분 전에 미리 꺼내두시는 게 좋아요.​",핫케이크 믹스는 체에 한 번 걸러주시고요.,다른 볼에 계란 2개를 깨서 넣고 가볍게 섞어줍니다.,"설탕과 우유를 넣고 설탕이 녹을 때까지 잘 섞어주세요.* 설탕의 양은 각자 취향껏 넣어주세요.​참고로 설탕 2큰술 넣으면 먹기 좋게 달달하고, 3 큰술 넣으면 많이 달달해요.","체 친 핫케이크 믹스에 계란물(계란+우유+설탕)을 넣고, 녹인 버터와 바닐라 에센스 약간을 넣고 잘 섞어줍니다.반죽의 농도는 위 동영상을 통해 확인해주시면 될 것 같아요 :)* 바닐라 에센스가 없으신 분들은 패스하셔도 되고요.​버터는 사용 전 전자레인지에 살짝 돌려서 사용하시면 더욱 좋아요 ^^",밥통 구석구석 버터를 바른 후 반죽을 붓고 바닥에 여러 번 내려쳐 기포를 빼줍니다.*기포를 빼주지 않으면 카스테라에 구멍이 숑숑 뚫리니 꼭 빼주세요 ^^,만능 찜 기능( 35 ~ 40분)으로 맞추고 취사 버튼 꾸욱 눌러주기 ~,카스테라가 속까지 잘 익었는지 알아보기 위해서는 나무젓가락을 빵 가운데에 꽂았다 뺐어요.반죽이 묻어 나오지 않는 걸 보니 아주 잘 구워진 것 같아요.,속이 폭신폭신한 카스테라 완성 ~,끝
너무 간단한 베이킹~블루베리 크럼블 타르트 에요~^^,1,"만들기는 간단하지만 근사하고 맛있는 쉬운 베이킹 소개해 드려요 쿠키같은 바삭한 식감,블루베리로 촉촉한 속 모양은 타르트 선물하시기도 너무 좋습니다",베이킹,https://recipe1.ezmember.co.kr/cache/recipe/2015/08/22/c29c3ae67d795294af11785d14057e811.jpg,60,2,"박력분,160g","아몬드가루,40g","버터,100g","설탕,90g","소금,2g","냉동블루베리,1컵정도",끝,오븐,아몬드가루와 밀가루는 체에 한번 내려주고 설탕과 소금을 넣어 고루 잘 섞어준다,. 버터를 넣고 주걱으로 자르듯이 섞어준다,전 도우블랜더가 있어서 주걱대신 사용했습니다,어느정도 버터가 잘게 잘라지면 손으로 날가루가 보이지 않게 반준해준다,보슬보슬 반죽이 되면 끝,타르트 틀에 반죽한 가루중 2/3 를 넣고 꾹꾹 눌러준다,블루베리를 고루 넣어준다(전 모듬베리로 한개 더 준비해 봤어요~^^*),나머지 반죽을 위에 뿌려준다,180도로 예열한 오븐에서 30분정도 구워준다(각자 오븐 온도 살피시고 구워지는 색을면서 구워주세요~)오븐,완성~!!꺼내서 식혀주세요,끝
다이어트 중에 먹기 좋은 통밀귀리빵 홈베이킹 건강빵 레시피,1,다이어트 중에 먹기 좋은 통밀귀리빵 입니다. 최대한 자세하게 레시피 올려봅니다. 이대로 만들어 보세요^^,베이킹,https://recipe1.ezmember.co.kr/cache/recipe/2023/06/06/8b9577da6590233c8bad311c8d2ac35a1.jpg,120,2,"통밀가루,2컵","귀리가루,2컵","소금,1t","이스트,1t","물,1.5컵","올리브유,2T","밀가루,1T",끝,오븐기,믹싱볼에 통밀가루를 종이컵 가득담아 2컵 넣습니다.,귀리가루도 2컵 넣었어요. 통밀가루와 1대1 비율로 넣었지요.,소금 1t 넣습니다.,이스트 1t 넣습니다.,가루들을 잘 섞어 줍니다.,따뜻한 물을 한 컵 반 부어 줍니다.물의 온도가 너무 뜨거우면 안 되고요. 물이 손에 닿았을 때 따뜻한 정도가 좋아요. 온도가 너무 뜨거우면 나중에 이스트가 잘 부풀어 오르지 않아요.,주걱으로 반죽을 섞어 줘요.,올리브유 2T 넣어 줍니다.,반죽을 해서 동그랗게 모양을 만듭니다.,살짝 따뜻할 정도로 예열된 오븐에 넣어서 1시간 발효합니다.,1시간 후 부풀어 오른 빵을 꺼내 성형을 합니다.,겉면에 밀가루를 살짝 뭍혀줘요.,다시 젖은 면보를 덮고 30분 기다립니다.,오븐에서 180도 40분 구워줍니다.,짜잔~~ 통밀귀리빵이 완성되었어요. 뜨끈뜨끈해서 김이 모락모락 피어오르네요.,끝
카네이션 앙금 쿠키 꽃다발 만들기 어버이날 베이킹 선물 추천 ,1,어버이날 혹은 스승의 날에 선물하기 좋은 카네이션 모양의 앙금 쿠키입니다 :) 상투과자랑 맛이 같아요 !,베이킹,https://recipe1.ezmember.co.kr/cache/recipe/2023/06/01/75ab58703c3446b670d5d09f2860df021.jpg,60,2,"저당 백앙금,500g","아몬드 가루,30g","노른자 1개 약,16g","바닐라 익스트렉,조금","식용색소,분홍","식용색소,초록",끝,냉장고에 넣어둔 백앙금을 꺼내 믹싱볼에 담아주고 주걱으로 부드럽게 풀어줍니다 ,아몬드 가루를 체 쳐서 넣어줍니다 고소한 맛을 위해 아몬드 가루를 넣어줬어요 가루를 많이 넣으면 너무 되직해서 꽃잎을 짜기 힘들어요,노른자와 바닐라 익스트렉도 넣어 잘 섞어줍니다 바닐라 익스트렉은 계란 비린내 제거를 위해 있다면 꼭 넣어주시는 걸 추천해요 !,부드러운 앙금 반죽 완성 상투과자 깍지로 짜면 그냥 상투과자가 돼요 ! 더 부드럽게 드시려면 우유를 조금 추가해도 되고 저당 앙금 사용 시 달달한 걸 좋아하시면 꿀 추가해도 돼요,저는 카네이션을 만들기 위해 식용색소를 사용했어요 비트나 말차 가루 등 천연색소로 색을 내줘도 좋아요,카네이션 조색 시작 ! 양이 많은 건 꽃잎으로 양이 적은 건 꽃받침이에요,핑크색 식용색소를를조금씩 넣어가며 원하는 색상의 카네이션 꽃잎 조색을 합니다,은은한 핑크색의 카네이션 꽃잎 색 !,초록색도 조금씩 넣어가며 꽃받침 색을 조색합니다,"저는 이정도로 앙금 조색을 완료했어요 천연연루색소도 추천하고, 저온에서 구워 색날림이 거의 없는 편이라 원하는 색으로 조색해주시면 돼요",카네이션은 주름이 포인트인데 꽃잎을 짤 때 짤주를 쥔 손을 강약조절하면서 짜주시면 돼요 꽃의 볼륨이 너무 낮으면 퍽퍽하구 맛이 덜하니 볼륨감 있게 짜주세요 ! 꽃받침은 너무 크지 않게 짜주세요,저는 총 3판이 나왔어요 ~,꽃다발로 만들기 위해 스틱을 끼워줬어요 색이 나지 않게 120도에서 30분 구웠더니 수분이 많이 날아가서 아쉬운 식감이었어요,opp 접착 비닐의 접착부분을 자르고 카네이션을 하나씩 넣어서 밑단을 주름 접기하고 타이가 없어서 대신 끈으로 묶었어요,다이소에서 플로드지와 리본을 구매했어요 부직포 포장지도 있다면 더욱 완성도 있답니다,플로드지 한 장이 꽤 커서 4등분 한 뒤 3조각? 사용했어요 유튜브에서 한 장으로 만드는 꽃다발 포장법 검색하여 만들었어요 꽃다발 만들기는 처음이라 예쁘게 포장이 안 돼서 매우 아쉬워요 스틱이나 플로드지를 구하기 어려우시면 카네이션 쿠키만 만들어 선물하셔도 너무 예쁘답니다 ㅎㅎ,끝
